feature,missing_pct,mean,std,min,p25,p50,p75,max
relative_spread_bps,0.0,13.95031525366401,14.277146612277594,6.815238874354775e-07,1.6509058892113584,9.553540527035016,23.612928571881266,357.4336467879849
ask_range_8_bps,0.0,24.479931174621957,22.850950678424457,8.487853513532222e-06,9.008228448051714,18.548761948568234,32.26580634694951,371.91205465688347
bid_range_8_bps,0.0,19.068471290066856,18.468247550348035,8.120772931596294e-06,5.698757883400701,14.215377692119409,27.340825221297,399.124030385665
ask_concentration,0.0,0.2492347022930992,0.2603418543784638,1.0569204508766789e-05,0.04559488829769511,0.1440407192694293,0.3767331754838744,0.9993707971115717
bid_concentration,0.0,0.2681722094606745,0.2620074205710262,3.087575211390499e-05,0.055595018229123695,0.17200606366272506,0.4120474906830761,0.999937065217996
delta_spread_5s,0.0025193359030559544,0.0003599236129247448,13.078755062266872,-352.5411786947891,-2.4979779511050273,-1.1391989573894534e-09,1.5364974494414854,348.6876249338329
delta_spread_15s,0.0025193359030559544,0.0003599236129247448,13.078755062266872,-352.5411786947891,-2.4979779511050273,-1.1391989573894534e-09,1.5364974494414854,348.6876249338329
delta_spread_30s,0.0025193359030559544,0.0003599236129247448,13.078755062266872,-352.5411786947891,-2.4979779511050273,-1.1391989573894534e-09,1.5364974494414854,348.6876249338329
spread_mean_120s,0.0,13.952733150259279,13.275465999073623,6.918025234149343e-07,3.122995735867836,10.622219158577039,22.44360593471465,357.4336467879849
spread_std_120s,18.91265462424105,4.314785603110358,7.068721677623971,0.0,9.364010837008744e-06,0.9639317735981177,5.599355478467888,116.3089119413664
spread_mean_300s,0.0,13.940933805117062,11.549678385398634,7.241129642596916e-07,4.580662694164852,11.383650993724569,21.205445627002916,232.55716099217688
spread_std_300s,0.03527070264278336,6.839824224966341,7.186823242704611,0.0,1.4657101097361638,5.008089676557426,10.537960727072477,246.5593841065447
log_ask_depth_1,0.0,0.0072451556010960354,0.021963266462624285,9.999995000003334e-07,0.0004249097130803881,0.0012002793764215695,0.004502846951178854,0.3462393823801844
log_ask_depth_2,0.0,0.014015553426393297,0.031093316221309026,1.9999980000026667e-06,0.0015577860210649898,0.004340566098420136,0.011607373041716032,0.4953149528340018
log_ask_depth_3,0.0,0.021397296848981298,0.0409903313213469,2.999995500009e-06,0.0036074851936220426,0.007846138394142325,0.02058957247554326,0.5037393755097926
log_ask_depth_5,0.0,0.03628904895166857,0.05448514757955076,1.9999800002666624e-05,0.008251859564117617,0.01725133630362662,0.043357337819526796,0.5040475041263224
log_ask_depth_8,0.0,0.05783260643076993,0.06570141358163178,4.199911802469522e-05,0.018207237691638255,0.03630878529586811,0.07656559258628583,0.5091894860223096
log_bid_depth_1,0.0,0.006862943484766247,0.026414594596361578,9.999995000003334e-07,0.0003999200213269354,0.0011832996247749994,0.004050784483185038,0.5786203377488294
log_bid_depth_2,0.0,0.012902844211715869,0.03431905135159744,4.999987500041666e-06,0.001462929396781362,0.004020905314540803,0.010115663719589928,0.5794828389266597
log_bid_depth_3,0.0,0.01888248790582948,0.040457052967812566,1.0999939500443663e-05,0.003222801192828676,0.0070798784099106084,0.016824668162381786,0.579581987287138
log_bid_depth_5,0.0,0.030519746191361354,0.04976393302244878,2.6999635506560865e-05,0.007171225189156197,0.015001906568345451,0.032804016270650514,0.6979063377843232
log_bid_depth_8,0.0,0.04714344056475085,0.06137370948207491,0.00020097980220645898,0.014756584073948904,0.027940016987248482,0.05499657875747755,0.8702224998839466
obi_1,0.0,-0.024405070922707533,0.6997330649604835,-0.9999948794993179,-0.7293972937486479,-0.014994232970018175,0.6693439031324352,0.9999907024698876
obi_2,0.0,-0.03408494079357431,0.639900764966184,-0.9998065256008098,-0.6365409620817487,-0.06471760796482158,0.5700718089946555,0.9999316789092805
obi_3,0.0,-0.044439054373801225,0.6100390861946847,-0.9993729752116339,-0.6087709174681643,-0.0748350658510257,0.5110832085521281,0.9999054634235371
obi_5,0.0,-0.06177192024703351,0.5732387960829135,-0.997940974567302,-0.577610027932237,-0.08928723132744502,0.43642611674475384,0.9997574669791316
obi_8,0.0,-0.09283857893059518,0.5261921653813488,-0.9924956505804511,-0.5460061308583488,-0.14500737615438605,0.34119060822974717,0.9989828092444429
weighted_obi,0.0,-0.06493380741530802,0.5479842212114596,-0.9966704107872987,-0.5385235726538355,-0.0951400354985007,0.3911248124084124,0.9994495053435904
microprice_edge_bps,0.0,0.019210437715222003,6.4867648856092615,-68.71641681259693,-2.167646122830601,-4.347529606291469e-06,2.0371578701706183,80.6941922962905
delta_obi5_5s,0.0025193359030559544,7.421128263131148e-06,0.4688398862085952,-1.9311074433844833,-0.15786616739793852,0.0,0.153442414944274,1.9654936975396802
delta_obi5_15s,0.0025193359030559544,7.421128263131148e-06,0.4688398862085952,-1.9311074433844833,-0.15786616739793852,0.0,0.153442414944274,1.9654936975396802
delta_obi5_30s,0.0025193359030559544,7.421128263131148e-06,0.4688398862085952,-1.9311074433844833,-0.15786616739793852,0.0,0.153442414944274,1.9654936975396802
delta_microprice_edge_5s,0.0025193359030559544,0.00015930299760482508,7.992236708321375,-92.66164805781032,-2.385678727903138,0.0,2.350634504268487,77.93524351020572
delta_microprice_edge_15s,0.0025193359030559544,0.00015930299760482508,7.992236708321375,-92.66164805781032,-2.385678727903138,0.0,2.350634504268487,77.93524351020572
delta_microprice_edge_30s,0.0025193359030559544,0.00015930299760482508,7.992236708321375,-92.66164805781032,-2.385678727903138,0.0,2.350634504268487,77.93524351020572
obi5_mean_120s,0.0,-0.0619373093579814,0.5384377468451975,-0.9952436507075404,-0.5227912368548844,-0.08047116418425657,0.379806342171267,0.9974760281529306
obi5_std_120s,18.91265462424105,0.19118967641357013,0.24229702168295478,0.0,0.01913896196370944,0.08790924166350864,0.273368958104835,1.389813921909729
obi5_mean_300s,0.0,-0.06191996173146938,0.47986491949740473,-0.9892830379816978,-0.43929528283333186,-0.07596546035047065,0.30094983862565367,0.9908923254987176
obi5_std_300s,0.03527070264278336,0.29142637446144476,0.22368253090118043,0.0,0.10191023517093836,0.24817568189812936,0.4436665779196698,1.3168728407877823
ofi_proxy,0.0,0.00014142682588869578,0.018294442579388837,-0.5081960000000001,-0.0016229999999999999,0.0,0.001766,0.777173
ofi_proxy_120s,0.0,0.00030357861587685894,0.02463777178511627,-0.629819,-0.00271,0.0,0.003,0.778336
ofi_proxy_300s,0.0,0.00078485345023051,0.03866099070238312,-0.670326,-0.005624999999999996,4.800000000000594e-05,0.006419,0.7848499999999999
ofi_proxy_600s,0.0,0.0014246580505378908,0.05327551783817612,-0.674632,-0.009496999999999952,0.0002529999999999879,0.011159,1.155495
normalized_ofi_120s,0.0,0.04984439937698891,6.662398220851299,-519.2856771938802,-0.6833894155840952,0.0,0.7564766828180767,367.49999846875
normalized_ofi_300s,0.0,0.07319844717696243,3.6557604545842914,-256.2318107031945,-1.075370919030372,0.005725555060026004,1.1849427638786452,166.26208147535144
normalized_ofi_600s,0.0,0.11740043816044732,3.3202658385088872,-61.80392686517216,-1.5321494863928187,0.032685807668881156,1.7351710557276925,63.96883690300892
ask_distance_1_bps,0.0,6.975157626832005,7.138573306138797,3.4076194371773876e-07,0.8254529446056792,4.776770263517508,11.806464285940633,178.71682339399246
ask_distance_3_bps,0.0,13.998614654377459,11.011662531599512,1.7667844526089725e-06,6.067165408115798,12.453132645037972,18.638374169074996,178.71683489320185
ask_distance_5_bps,0.0,20.946069414395854,15.56220928100705,4.16982626011571e-06,10.752837908890827,17.612925387838352,27.302337893825186,350.6042966981853
ask_distance_8_bps,0.0,31.455088801453964,23.78035112305676,0.0001164603010703467,16.300772280032692,25.62364448023889,40.01852088126139,374.3582887034814
bid_distance_1_bps,0.0,6.975157626832005,7.138573306138797,3.4076194371773876e-07,0.8254529446056792,4.776770263517508,11.806464285940633,178.71682339399246
bid_distance_3_bps,0.0,12.980583465277766,10.742045247863766,1.8077902347701334e-06,5.0716866911149765,11.562081912571683,17.698679337077838,264.72634744874483
bid_distance_5_bps,0.0,18.331491411180796,14.038939138956106,3.258508326237271e-06,8.767322346752618,15.830554925316594,24.16578362626427,264.72634890068724
bid_distance_8_bps,0.0,26.043628916898864,19.28351780524601,6.065377824743589e-05,13.22461133571816,21.8023561779254,34.05785906897272,413.47741875671574
return_5s,0.0025193359030559544,-0.034291477302455325,11.048246760559,-211.11578529055598,-1.5365831079268273,0.0,1.4572581576772081,181.86130862955588
return_15s,0.0025193359030559544,-0.034291477302455325,11.048246760559,-211.11578529055598,-1.5365831079268273,0.0,1.4572581576772081,181.86130862955588
return_30s,0.0025193359030559544,-0.034291477302455325,11.048246760559,-211.11578529055598,-1.5365831079268273,0.0,1.4572581576772081,181.86130862955588
return_60s,0.0025193359030559544,-0.034291477302455325,11.048246760559,-211.11578529055598,-1.5365831079268273,0.0,1.4572581576772081,181.86130862955588
return_120s,0.005038671806111909,-0.03955237646886455,13.308017909976009,-211.11578529055598,-3.136256205647981,0.0,3.086848491243085,200.78377730183297
volatility_120s,0.18895019272919658,7.937271573321584,11.011512853680362,0.0,0.3928598152164123,4.030629238383273,11.693596346728969,211.11578529055598
volatility_300s,0.4081324162950646,14.162123653298346,15.0710661170561,0.0,3.7435443871365885,10.724293204791513,19.723595811491172,272.1614496401646
volatility_600s,0.025193359030559546,20.610273375625837,19.035607553966837,0.0,7.834048072416731,16.778430519518125,27.587557263372297,319.115546149138
last_trade_edge_bps,0.0,-0.8622583550104516,10.599664698221485,-240.85065068177332,-6.401241744705249,-3.9291882710516464e-05,3.574245759269054,86.96832249664797
log_last_trade_qty,0.0,0.0008239281910011017,0.002717860693098545,9.999995000003334e-07,3.09995195099301e-05,0.00016198687941700385,0.0006837661786164757,0.12189722741764975
trade_sign,0.0,-0.07472350288463961,0.990486466719721,-1.0,-1.0,-1.0,1.0,1.0
trade_imbalance_120s,0.05038671806111909,-0.00010198326317646782,0.0036865717420030554,-0.091074,-0.000425,-1e-06,0.00024800000000000175,0.137874
trade_imbalance_300s,0.007558007709167864,-0.00025345333837239217,0.005787724713705621,-0.09063399999999999,-0.0012099999999999969,-6.0999999999998515e-05,0.0007069999999999935,0.13805800000000001
trade_intensity_120s,0.0,1.6230317688257376,0.5597077894375575,0.0,1.0,2.0,2.0,2.0
trade_intensity_300s,0.0,3.8597737636359057,1.2853242270526646,0.0,3.0,4.0,5.0,5.0
time_since_last_trade,0.0,13.409538978988738,56.39846354283391,0.0,0.0,0.0,0.0,1318.911942
hour_sin,0.0,0.011644662008170194,0.7050235948689676,-1.0,-0.691513055782269,0.02617694830787315,0.7132504491541816,1.0
hour_cos,0.0,-0.007013143608034281,0.7090713205875931,-1.0,-0.7163019434246547,-0.017452406437283498,0.7040147244559684,1.0
dow_sin,0.0,0.04256246672649726,0.699256684180796,-0.9749279121818236,-0.7818314824680299,0.0,0.7818314824680298,0.9749279121818236
dow_cos,0.0,0.0940945670472805,0.7073893297172228,-0.9009688679024191,-0.2225209339563146,-0.22252093395631434,0.6234898018587336,1.0
