feature,mean_f1_decrease,std_f1_decrease,base_macro_f1,rank
bid_distance_3_bps,0.011648867801325102,0.003770490392512507,0.46987096525679634,1
ask_distance_2_bps,0.009494505771931306,0.002453079050063532,0.46987096525679634,2
relative_spread_bps,0.0020681668515308282,0.0013536697625256232,0.46987096525679634,3
ask_distance_3_bps,0.0019642797328219275,0.0030397640439716158,0.46987096525679634,4
hour_cos,0.0013601334128095165,0.0014824074681582834,0.46987096525679634,5
log_ask_depth_5,0.001247857852692247,0.00020436351885982427,0.46987096525679634,6
return_600s,0.0009658294163306103,0.0005634518202864264,0.46987096525679634,7
log_bid_depth_1,0.000557675149403003,0.0016304878046089681,0.46987096525679634,8
mid_return_lag_3,0.00047019362486451223,0.0006952583983198443,0.46987096525679634,9
ask_distance_1_bps,0.0003371165223166273,0.00043876209592923703,0.46987096525679634,10
ask_distance_5_bps,0.00023706563068242036,0.0013682045573497126,0.46987096525679634,11
ask_range_8_bps,7.542907489366257e-05,0.0009755140015814263,0.46987096525679634,12
obi_3,1.6892857773576076e-05,0.0007062735160187362,0.46987096525679634,13
microprice_edge_change_lag_2,9.016126807215308e-06,0.0005057943472359923,0.46987096525679634,14
dow_cos,0.0,0.0,0.46987096525679634,15
dow_sin,0.0,0.0,0.46987096525679634,16
obi_5,-9.762789500769031e-05,0.0004919867567933262,0.46987096525679634,17
obi5_change_lag_3,-0.00010508444775421122,0.0009045757131688573,0.46987096525679634,18
obi5_change_lag_2,-0.0001133003106306818,0.001205366398072146,0.46987096525679634,19
weighted_obi,-0.00014135981213844184,0.0014010087793792918,0.46987096525679634,20
weighted_snapshot_ofi_proxy,-0.0001555256060406851,0.0005933439950392918,0.46987096525679634,21
mid_return_lag_5,-0.00021720876932637134,0.0009241449935205625,0.46987096525679634,22
log_bid_depth_5,-0.00027970671959532957,0.0003388730813465716,0.46987096525679634,23
spread_mean_300s,-0.00033682942664796655,0.0004791310961438985,0.46987096525679634,24
spread_change_lag_5,-0.0003669158621056767,0.0006720801702360392,0.46987096525679634,25
ask_slope,-0.0004437896162643562,0.0006402897975138883,0.46987096525679634,26
log_ask_depth_8,-0.0004907732937046383,0.0005323020402020546,0.46987096525679634,27
mid_return_lag_2,-0.0005006578994413812,0.0013172237976592845,0.46987096525679634,28
bid_depth_change_lag_1,-0.0005782198326627408,0.0007418928035177545,0.46987096525679634,29
ask_depth_change_lag_1,-0.0006006804521668685,0.0010137203774600262,0.46987096525679634,30
spread_change_lag_3,-0.0006036672109649532,0.0007588438962129797,0.46987096525679634,31
microprice_edge_change_lag_3,-0.0006066449839535637,0.00031331162192126984,0.46987096525679634,32
microprice_edge_mean_300s,-0.0006593364362906584,0.0009031306313607928,0.46987096525679634,33
spread_std_300s,-0.0006650536846300792,0.0007981168261794289,0.46987096525679634,34
obi5_mean_300s,-0.0006726324678479667,0.00047069800377212294,0.46987096525679634,35
microprice_edge_change_lag_5,-0.0006781057104540578,0.00048607222731036437,0.46987096525679634,36
log_ask_depth_3,-0.0007384772301509912,0.0007685436686509121,0.46987096525679634,37
spread_mean_600s,-0.0007493147557651514,0.0006836579324012412,0.46987096525679634,38
weighted_obi_mean_300s,-0.0007670496127007542,0.00039194402297594637,0.46987096525679634,39
obi5_mean_600s,-0.0007740700827500669,0.0002266793793095314,0.46987096525679634,40
return_120s,-0.0008546621667344878,0.0006143801854063774,0.46987096525679634,41
obi5_change_lag_1,-0.0008920211578934189,0.0009774625643088422,0.46987096525679634,42
ask_distance_8_bps,-0.0010019209661306539,0.0010985540764368333,0.46987096525679634,43
bid_range_8_bps,-0.001038093601053358,0.001939752845308789,0.46987096525679634,44
microprice_edge_bps,-0.0010575498243874382,0.0001952714220893414,0.46987096525679634,45
hour_sin,-0.0010872112758198217,0.0011946413908958749,0.46987096525679634,46
mid_return_lag_1,-0.001096291030773866,0.001270807854131373,0.46987096525679634,47
log_ask_depth_1,-0.0011067521141387205,0.0033619070906784018,0.46987096525679634,48
microprice_edge_change_lag_1,-0.0011110871094405562,0.0011066141830316648,0.46987096525679634,49
obi_8,-0.0012186640369725387,0.0005575362282441052,0.46987096525679634,50
bid_distance_1_bps,-0.0012555368174592906,0.00014172571464313963,0.46987096525679634,51
log_bid_depth_8,-0.0012717707918255216,0.00024862312601464615,0.46987096525679634,52
obi5_std_300s,-0.0012936101008838464,0.0007237495046246757,0.46987096525679634,53
obi5_std_600s,-0.001311066884713419,0.0009692914572680749,0.46987096525679634,54
log_bid_depth_3,-0.0013196747888522653,0.0011560702283971251,0.46987096525679634,55
spread_change_lag_1,-0.0013810739833315267,0.001299504219051916,0.46987096525679634,56
return_1200s,-0.001438335186743811,0.0009561922080158993,0.46987096525679634,57
return_300s,-0.0014467097690321951,0.0010785084712750831,0.46987096525679634,58
obi_2,-0.0014634711857855476,0.0007009185606802264,0.46987096525679634,59
bid_distance_8_bps,-0.001510934905051109,0.0005785533262178257,0.46987096525679634,60
log_ask_depth_2,-0.0015255323321129444,0.0014097843923939193,0.46987096525679634,61
ask_concentration,-0.0018872290139514414,0.0005572276659494311,0.46987096525679634,62
obi5_change_lag_5,-0.001958016781494665,0.0008313295551054108,0.46987096525679634,63
spread_change_lag_2,-0.001962523984849529,0.0007472341654823861,0.46987096525679634,64
snapshot_ofi_proxy_l1,-0.00197664566860174,0.0007481788247822478,0.46987096525679634,65
bid_concentration,-0.002352602250368285,0.001180660601916373,0.46987096525679634,66
spread_std_600s,-0.0024028922152736555,0.0006341994104714327,0.46987096525679634,67
volatility_300s,-0.0024242821402979176,0.001275980287700731,0.46987096525679634,68
normalized_snapshot_ofi_600s,-0.002436968692977004,0.0011502907548872684,0.46987096525679634,69
volatility_600s,-0.0025439413712771476,0.001093068468937543,0.46987096525679634,70
snapshot_ofi_proxy_300s,-0.002697373589408536,0.0016317107043282888,0.46987096525679634,71
bid_distance_2_bps,-0.002895948110469859,0.001692621611603206,0.46987096525679634,72
volatility_120s,-0.00316409672389113,0.0040770926038257976,0.46987096525679634,73
bid_distance_5_bps,-0.003443309249644022,0.0016772123420326838,0.46987096525679634,74
snapshot_ofi_proxy_600s,-0.003679406636936533,0.0008465584167492307,0.46987096525679634,75
log_bid_depth_2,-0.0037052131422973477,0.0012502673287092,0.46987096525679634,76
volatility_1200s,-0.0038724815790370124,0.0019514783157135987,0.46987096525679634,77
normalized_snapshot_ofi_300s,-0.004069753651848573,0.002004197089821409,0.46987096525679634,78
obi_1,-0.005224232974833298,0.0017280464185054384,0.46987096525679634,79
bid_slope,-0.005497129701176018,0.0012103496985296706,0.46987096525679634,80
