feature,mean_abs_shap,mean_abs_shap_DOWN,mean_abs_shap_STABLE,mean_abs_shap_UP
spread_std_120s,0.07992096245288849,0.019013281911611557,0.18165728449821472,0.03909232094883919
log_bid_depth_1,0.07039732486009598,0.115674689412117,0.08824598789215088,0.007271301466971636
hour_cos,0.06703314930200577,0.029416751116514206,0.1283317506313324,0.0433509461581707
trade_intensity_300s,0.06574975699186325,0.010049601085484028,0.1141824796795845,0.0730171948671341
volatility_120s,0.06473793834447861,0.05310562252998352,0.07631371170282364,0.06479447335004807
log_ask_depth_1,0.0588715486228466,0.013827173039317131,0.04512045532464981,0.11766701936721802
last_trade_edge_bps,0.056607577949762344,0.09521868824958801,0.00471612811088562,0.0698879212141037
bid_distance_3_bps,0.056187599897384644,0.09293939918279648,0.0068296464160084724,0.06879375129938126
ask_distance_3_bps,0.0498192198574543,0.06424716114997864,0.003905522171407938,0.08130497485399246
hour_sin,0.04741185903549194,0.03616277873516083,0.0993776023387909,0.006695195101201534
volatility_600s,0.045464303344488144,0.01690855249762535,0.1057303324341774,0.013754031620919704
relative_spread_bps,0.03991881385445595,0.012319894507527351,0.0825614184141159,0.024875132367014885
obi5_std_300s,0.03883025422692299,0.02305070124566555,0.08347095549106598,0.009969102218747139
normalized_ofi_120s,0.03397069498896599,0.0479472279548645,0.004166009370237589,0.04979884624481201
log_bid_depth_2,0.032046880573034286,0.06920238584280014,0.0243142731487751,0.0026239813305437565
trade_imbalance_120s,0.02562619186937809,0.04173516854643822,0.0033034656662493944,0.031839944422245026
delta_spread_5s,0.02356184832751751,0.007614028640091419,0.0477357916533947,0.015335721895098686
log_ask_depth_3,0.023081885650753975,0.022582359611988068,0.04008304327726364,0.006580252666026354
normalized_ofi_600s,0.022829167544841766,0.03285367786884308,0.0094608124345541,0.026173008605837822
obi_1,0.02144676446914673,0.023555049672722816,0.0019237392116338015,0.038861505687236786
return_5s,0.021276988089084625,0.022534744814038277,0.0075657363049685955,0.033730484545230865
ofi_proxy,0.021046197041869164,0.009629405103623867,0.013745484873652458,0.03976370394229889
spread_std_300s,0.020554836839437485,0.01107353437691927,0.03698594495654106,0.013605031184852123
log_ask_depth_2,0.019848348572850227,0.004502836614847183,0.04067409038543701,0.014368118718266487
ofi_proxy_300s,0.01957334391772747,0.010869377292692661,0.0029905966948717833,0.044860053807497025
bid_distance_5_bps,0.019181760028004646,0.03888338804244995,0.0027840931434184313,0.015877801924943924
ofi_proxy_600s,0.0168943852186203,0.01179897878319025,0.004768583923578262,0.03411559388041496
trade_imbalance_300s,0.015090707689523697,0.029586441814899445,0.0073414393700659275,0.008344240486621857
microprice_edge_bps,0.014748912304639816,0.02202005311846733,0.010030987672507763,0.012195694260299206
spread_mean_300s,0.013578810729086399,0.008620453998446465,0.013346913270652294,0.018769066780805588
volatility_300s,0.013271869160234928,0.008497640490531921,0.016972340643405914,0.014345626346766949
bid_range_8_bps,0.012948990799486637,0.02744467183947563,0.00442484999075532,0.006977448705583811
ask_distance_5_bps,0.012742660008370876,0.015043211169540882,0.0021841588895767927,0.021000608801841736
dow_sin,0.012316972017288208,0.005414975341409445,0.006473890505731106,0.02506205067038536
return_120s,0.012170585803687572,0.014644278213381767,0.006664424668997526,0.015203051269054413
ask_concentration,0.011358282528817654,0.005686657503247261,0.02404830977320671,0.004339880309998989
bid_concentration,0.010014393366873264,0.0037479654420167208,0.02059958316385746,0.005695629399269819
spread_mean_120s,0.009851283393800259,0.0047311726957559586,0.010194750502705574,0.014627926982939243
obi_8,0.009579436853528023,0.01018151082098484,0.001989830518141389,0.016566969454288483
log_ask_depth_5,0.009435765445232391,0.007350909523665905,0.012803574092686176,0.008152813650667667
log_bid_depth_3,0.00877776462584734,0.015580318868160248,0.00902108196169138,0.0017318945610895753
trade_intensity_120s,0.007856142707169056,0.003891042899340391,0.01798962987959385,0.0016877559246495366
obi5_std_120s,0.007665665354579687,0.003028204431757331,0.017683619633316994,0.002285171765834093
log_last_trade_qty,0.0071784816682338715,0.005702043883502483,0.005151406861841679,0.010681995190680027
delta_obi5_5s,0.007171003147959709,0.005045589990913868,0.012934527359902859,0.0035328923258930445
bid_distance_8_bps,0.006787968333810568,0.006076767574995756,0.010962293483316898,0.0033248437102884054
obi_2,0.006467518862336874,0.008012850768864155,0.004331219010055065,0.007058486342430115
log_bid_depth_5,0.006146575789898634,0.006171127315610647,0.009119168855249882,0.0031494316644966602
normalized_ofi_300s,0.00607122341170907,0.007748418487608433,0.006431981455534697,0.004033270291984081
ask_distance_8_bps,0.006066769361495972,0.005033941473811865,0.010884233750402927,0.0022821330931037664
dow_cos,0.005949340295046568,0.004129317589104176,0.012173373252153397,0.0015453308587893844
delta_microprice_edge_5s,0.005784492939710617,0.00411160197108984,0.0029386698734015226,0.01030320581048727
ask_range_8_bps,0.005754566285759211,0.002481555799022317,0.008304793387651443,0.006477349903434515
log_ask_depth_8,0.005416228901594877,0.00518340477719903,0.007501895073801279,0.0035633861552923918
trade_sign,0.005335573107004166,0.0013948550913482904,0.00015181633352767676,0.014460048638284206
ofi_proxy_120s,0.00495159812271595,0.007505098357796669,0.001512134331278503,0.005837561562657356
obi_5,0.004690830130130053,0.0019187305588275194,0.007493473589420319,0.004660286940634251
log_bid_depth_8,0.0046122209168970585,0.004764790181070566,0.006249839439988136,0.0028220342937856913
obi5_mean_300s,0.0035876519978046417,0.002907159272581339,0.0019307357724756002,0.005925061646848917
time_since_last_trade,0.0035592715721577406,0.003471564967185259,0.006412000861018896,0.0007942484226077795
obi_3,0.002541902009397745,0.002735525369644165,0.0019165454432368279,0.0029736352153122425
weighted_obi,0.0024140814784914255,0.001945860800333321,0.0024790028110146523,0.0028173814062029123
ask_distance_1_bps,0.0023312203120440245,0.0,0.0035034194588661194,0.0034902410116046667
obi5_mean_120s,0.0018931940430775285,0.0016421640757471323,0.001889412640593946,0.002148005645722151
return_15s,0.0013698345283046365,0.001491825096309185,0.0005410828161984682,0.0020765955559909344
delta_spread_15s,0.0006805206066928804,0.0,0.0020415617618709803,0.0
delta_obi5_30s,0.000158411668962799,0.0004752349923364818,0.0,0.0
delta_obi5_15s,0.0,0.0,0.0,0.0
delta_microprice_edge_15s,0.0,0.0,0.0,0.0
delta_microprice_edge_30s,0.0,0.0,0.0,0.0
return_60s,0.0,0.0,0.0,0.0
delta_spread_30s,0.0,0.0,0.0,0.0
return_30s,0.0,0.0,0.0,0.0
bid_distance_1_bps,0.0,0.0,0.0,0.0
