,return_120s,return_300s,return_600s,return_1200s,mid_return_lag_1,mid_return_lag_2,mid_return_lag_3,mid_return_lag_5,relative_spread_bps,ask_range_8_bps,bid_range_8_bps,ask_concentration,bid_concentration,ask_slope,bid_slope,log_ask_depth_1,log_ask_depth_2,log_ask_depth_3,log_ask_depth_5,log_ask_depth_8,log_bid_depth_1,log_bid_depth_2,log_bid_depth_3,log_bid_depth_5,log_bid_depth_8,obi_1,obi_2,obi_3,obi_5,obi_8,weighted_obi,microprice_edge_bps,ask_distance_1_bps,ask_distance_2_bps,ask_distance_3_bps,ask_distance_5_bps,ask_distance_8_bps,bid_distance_1_bps,bid_distance_2_bps,bid_distance_3_bps,bid_distance_5_bps,bid_distance_8_bps,spread_change_lag_1,spread_change_lag_2,spread_change_lag_3,spread_change_lag_5,spread_mean_300s,spread_std_300s,spread_mean_600s,spread_std_600s,obi5_change_lag_1,obi5_change_lag_2,obi5_change_lag_3,obi5_change_lag_5,microprice_edge_change_lag_1,microprice_edge_change_lag_2,microprice_edge_change_lag_3,microprice_edge_change_lag_5,obi5_mean_300s,obi5_std_300s,obi5_mean_600s,obi5_std_600s,weighted_obi_mean_300s,microprice_edge_mean_300s,snapshot_ofi_proxy_l1,weighted_snapshot_ofi_proxy,snapshot_ofi_proxy_300s,snapshot_ofi_proxy_600s,normalized_snapshot_ofi_300s,normalized_snapshot_ofi_600s,bid_depth_change_lag_1,ask_depth_change_lag_1,volatility_120s,volatility_300s,volatility_600s,volatility_1200s,hour_sin,hour_cos,dow_sin,dow_cos
return_120s,0.0013223693,3.5817226e-05,3.3299768e-06,4.8221053e-05,0.00010769105,2.696894e-05,9.3356866e-05,2.2081224e-05,7.8577985e-05,1.5097888e-05,0.00020967697,2.6004933e-05,5.2038395e-05,8.914052e-05,8.751449e-05,0.000114223025,5.4692242e-05,4.0581454e-05,1.0393903e-05,1.8364673e-05,2.3628743e-05,7.646414e-05,4.24315e-05,1.5049205e-05,3.350001e-05,9.910572e-05,8.772696e-05,1.7965738e-05,2.8239563e-05,1.6248208e-05,7.259663e-05,5.7686925e-06,0.0,0.00036653836,0.00016975871,8.0561964e-05,9.139297e-06,0.0,0.00017161046,0.00037783387,6.21016e-05,9.069486e-06,4.805271e-05,2.18085e-05,4.2689288e-05,1.19759e-05,2.2664912e-05,0.00011560472,2.9054296e-05,4.2107527e-05,2.2898039e-05,3.0155808e-05,1.3637813e-05,3.8024096e-05,3.9479433e-05,8.359414e-06,1.7412456e-05,2.620034e-05,2.154383e-06,3.045317e-05,1.2158018e-05,4.1027142e-05,9.883633e-06,4.783051e-06,0.00016734595,9.79354e-06,6.219874e-05,8.7978304e-05,3.7015772e-05,4.2529355e-05,3.14294e-05,2.4629777e-05,0.00019643188,0.00012289252,0.00010866756,0.0002236501,5.693855e-05,0.00019856193,2.67057e-06,7.451865e-07
return_300s,3.5817226e-05,0.0026510477,6.384089e-05,4.45018e-05,0.00026553308,7.640294e-05,5.1102325e-05,5.432029e-05,6.1724204e-05,6.3096845e-06,7.131573e-05,9.027541e-06,3.8995706e-05,0.00022027234,0.00019075116,0.00023541445,5.334542e-05,3.505039e-05,6.347619e-05,0.00013866255,4.2234107e-05,7.582297e-05,7.5018186e-05,2.2631086e-05,2.7220796e-05,0.00023025188,7.793947e-05,6.134784e-05,1.9722085e-05,3.2372707e-05,7.656597e-05,1.49049465e-05,7.3039414e-06,0.00049267453,0.00031915988,0.00016213041,4.6494166e-05,3.8731255e-06,0.00018096292,0.0007569533,5.987348e-05,4.7141144e-05,3.8234073e-05,4.022917e-05,3.2580207e-05,9.388388e-06,2.7073515e-05,8.2371385e-05,3.364865e-05,8.396362e-05,2.6978645e-05,6.526501e-05,2.48481e-05,2.8426637e-05,6.423788e-05,2.5803187e-05,1.037363e-05,3.0070561e-05,4.5146797e-05,4.4356897e-05,6.6166344e-06,4.558793e-05,1.4278692e-05,5.783876e-05,6.488611e-05,6.1605765e-06,0.00020363418,9.087215e-05,9.570743e-05,8.668019e-05,1.9788236e-05,4.1943982e-05,0.00014333887,9.712795e-05,9.5201176e-05,8.396013e-05,9.48224e-06,9.510489e-05,4.8967477e-06,8.280626e-06
return_600s,3.3299768e-06,6.384089e-05,0.0022823003,2.826075e-05,0.0001659486,1.0345105e-05,3.9063165e-05,1.0621252e-05,0.00010528574,9.846495e-06,6.369671e-05,2.8755838e-05,3.5752597e-05,7.167765e-05,0.00013911327,9.370658e-05,4.9022034e-05,2.7536216e-05,4.3351545e-05,6.922254e-05,5.3668948e-05,4.4423545e-05,5.0690498e-05,3.0504294e-05,1.0494009e-05,0.00011818858,0.000111640904,2.3049412e-05,7.161833e-05,4.2698623e-05,0.00011542896,2.8294347e-05,2.9228077e-05,0.00017954202,0.00020311616,0.000113253234,1.790858e-05,0.0,0.0001674566,0.00023620157,6.809765e-05,4.5178116e-05,7.1273e-05,3.0355848e-05,1.5536207e-05,1.6750335e-05,2.0360865e-05,0.00010921284,2.903316e-05,4.40605e-05,3.5297988e-05,3.0190353e-05,4.6362205e-05,4.2819618e-05,2.0167421e-05,1.4600894e-05,2.8178612e-05,1.794098e-05,9.041664e-06,6.494185e-05,5.2625023e-06,7.478879e-05,1.0880267e-05,2.7931848e-05,0.00010216839,2.5282097e-05,3.8350066e-05,0.000111962945,6.7510206e-05,6.405929e-05,3.8481235e-06,6.3738057e-06,0.00015122014,0.00014783052,8.7129505e-05,0.00011351697,8.6767366e-05,0.00015084563,8.8034485e-06,8.446061e-07
return_1200s,4.8221053e-05,4.45018e-05,2.826075e-05,0.0043528434,0.0002426679,3.5785157e-05,5.8941314e-05,4.324473e-05,0.00015523493,5.7751015e-05,0.00039555936,4.4318742e-05,5.2471445e-05,0.00010856331,0.00018810798,0.00011262862,9.7415614e-05,0.000104735605,6.767427e-05,5.879574e-05,0.00014741787,0.00016108232,0.0001022287,4.768841e-05,2.9712342e-05,0.00014259214,0.00015540098,7.894511e-05,3.9936596e-05,5.260999e-05,3.980115e-05,4.74893e-05,1.9852967e-05,0.00039687788,0.00031955363,0.00013847872,6.805726e-05,2.3764518e-05,0.00030815933,0.000601679,0.00019766254,6.842796e-05,8.820626e-05,5.075912e-05,4.3918506e-05,6.4601394e-05,3.823863e-05,0.00022996835,4.5465073e-05,5.4260145e-05,5.9544753e-05,8.2450235e-05,2.9049057e-05,5.4180993e-05,2.513359e-05,2.3047241e-05,3.7106478e-05,4.6029425e-05,2.3877332e-05,0.00010576316,2.2950004e-05,7.0328635e-05,2.3078974e-05,5.080407e-05,0.00024092352,4.9827864e-05,0.000117814976,0.00011207963,8.69364e-05,0.00011855204,3.2151293e-05,5.5458066e-05,0.00023632182,0.00019275847,0.00019211759,0.00018925992,7.565409e-05,0.00018681842,1.7622351e-05,1.0735834e-05
mid_return_lag_1,0.00010769105,0.00026553308,0.0001659486,0.0002426679,0.0078004724,6.330858e-05,9.494389e-05,0.00024801915,0.0002214952,6.1727376e-05,0.0005544179,4.774839e-05,6.637943e-05,0.00019957687,0.00034722162,0.00043513085,6.183255e-05,8.612196e-05,3.6354908e-05,0.00019016325,0.00016644558,0.00063749333,0.00011054527,5.8470196e-05,6.2276216e-05,0.00035151636,0.00017554901,0.00013679321,7.10861e-05,6.0957642e-05,0.000119664815,4.3120952e-05,7.395214e-05,0.0006476837,0.00067736564,0.00039644822,0.0001263473,6.1133946e-06,0.0005448708,0.00093887496,0.00024645287,3.2622167e-05,0.00015419717,8.131786e-05,4.6780086e-05,7.60155e-05,1.1566276e-05,0.00035176022,5.0261373e-05,4.986331e-05,8.882916e-05,6.2821404e-05,8.94743e-05,0.00014777288,5.3054988e-05,6.2349456e-05,2.4398913e-05,7.840734e-05,3.8575574e-05,0.0001968222,7.648143e-05,0.0002364244,9.435275e-06,2.3321478e-05,0.0005790447,0.00021499416,0.0002004049,0.00047147973,0.00022933427,0.00039272627,8.169065e-05,6.670931e-05,0.00043165844,0.0002442476,0.00012756464,0.0006311913,0.00011333276,0.0001582957,6.446266e-06,6.278965e-05
mid_return_lag_2,2.696894e-05,7.640294e-05,1.0345105e-05,3.5785157e-05,6.330858e-05,0.0023133834,1.4900846e-05,1.9359342e-05,5.9873208e-05,3.8714985e-05,0.000116197225,3.5712567e-06,3.9373877e-05,7.641079e-05,0.0002733543,0.00012126519,7.182147e-05,5.049186e-05,3.4360713e-05,2.0802214e-05,0.00014350984,5.113373e-05,8.492028e-05,6.2929894e-06,2.2404873e-05,0.00017731277,7.4340074e-05,7.326164e-05,2.8322469e-05,2.7616045e-06,2.1557893e-05,1.9612668e-05,3.067937e-05,0.00029467032,0.00016227904,0.00011445106,9.000091e-06,0.0,0.00032764082,0.00037592478,0.0001644972,4.203164e-05,2.4673303e-05,1.6377446e-05,2.7554408e-05,1.2380867e-05,1.5593021e-05,0.00032564733,1.6308093e-05,1.2573061e-05,4.2422053e-05,2.4433255e-05,2.8276423e-05,2.4925872e-05,4.194954e-05,1.8417097e-05,4.636262e-05,3.7700152e-05,1.9355675e-05,6.41735e-05,1.9153882e-05,3.1534157e-05,0.0,1.17759955e-05,0.00013597388,6.8052286e-06,4.161089e-05,8.1605656e-05,2.5895206e-05,6.0049177e-05,1.54693e-05,3.7190704e-05,0.00023038105,0.00019277241,0.00017363066,0.00026436985,5.5821467e-05,6.574351e-05,1.67188e-05,1.4578804e-06
mid_return_lag_3,9.3356866e-05,5.1102325e-05,3.9063165e-05,5.8941314e-05,9.494389e-05,1.4900846e-05,0.0022146532,4.7663227e-05,9.3239236e-05,1.7581766e-05,0.00014839991,1.8731145e-05,0.000108937704,8.217995e-05,0.00019635014,0.00018999839,7.611941e-05,5.2483545e-05,4.5300672e-05,5.6801066e-05,0.00020847339,7.4074356e-05,7.314108e-05,4.436804e-05,2.5644735e-05,0.00018619947,8.324025e-05,5.475263e-05,1.7795744e-05,2.6743663e-05,5.2188792e-05,3.1475574e-05,1.647176e-05,0.0005413113,0.00024978782,6.7873225e-05,3.980921e-05,2.5832146e-06,0.0004076453,0.00052388204,0.00010611301,2.9619065e-05,9.681684e-05,1.4901953e-05,6.896944e-05,3.5538545e-05,3.6667723e-05,0.0004065326,3.594125e-05,9.6164644e-05,9.88465e-05,3.1392123e-05,6.633608e-05,1.8624434e-05,4.271866e-05,2.8693988e-05,1.3676935e-05,2.1509873e-05,4.491188e-05,6.75248e-05,1.0126978e-05,0.00012250256,4.890833e-06,2.9610592e-05,0.00024890582,7.1601484e-05,0.00012390436,8.1655744e-05,0.0001895202,0.00015481254,3.2478e-05,3.47179e-05,0.0002380657,0.0002995207,0.00019984387,0.00017913381,8.451164e-05,0.00017079683,2.3395662e-05,6.786658e-06
mid_return_lag_5,2.2081224e-05,5.432029e-05,1.0621252e-05,4.324473e-05,0.00024801915,1.9359342e-05,4.7663227e-05,0.0028492168,0.00010199872,5.1633964e-05,0.00023692788,5.85741e-05,2.2172228e-05,8.107876e-05,0.00016287086,0.00017587992,5.6953217e-05,5.0251023e-05,3.224819e-05,5.2643052e-05,8.313619e-05,8.085868e-05,4.7755962e-05,1.7343471e-05,2.1016373e-05,0.0002644331,5.2271327e-05,9.962307e-05,7.115167e-05,2.5117743e-05,4.098789e-05,2.1838116e-05,3.2003427e-05,0.00048803512,0.00023740949,0.00015241957,1.0037406e-05,0.0,0.0003040958,0.00074636965,0.00013881584,3.3543678e-05,4.6947385e-05,4.9829552e-05,2.9879679e-05,3.090831e-05,3.0056819e-05,0.0001269102,4.066819e-05,0.00016238236,3.3240543e-05,2.7037477e-05,7.928927e-06,4.4964752e-05,1.4890308e-05,2.0915402e-05,1.3228682e-06,2.4232875e-05,1.2027162e-05,0.00020952606,6.3540997e-06,9.758468e-05,2.545598e-06,3.211747e-05,0.00011758075,1.4463909e-05,0.00014986904,5.057918e-05,0.00015792654,5.601912e-05,2.5927506e-05,1.9502057e-05,0.00020531357,0.00027554415,0.00017117444,0.00021125587,5.8094043e-05,7.3394905e-05,8.293542e-06,6.8668064e-06
relative_spread_bps,7.8577985e-05,6.1724204e-05,0.00010528574,0.00015523493,0.0002214952,5.9873208e-05,9.3239236e-05,0.00010199872,0.006360948,0.000104624225,0.00046987153,0.000121458186,0.00013856437,0.00020451812,0.0004977482,0.0006537966,0.00013760885,0.00011104835,5.1226943e-05,9.958055e-05,0.00043572986,0.00032248415,0.00014215468,8.294832e-05,3.8252027e-05,0.0013070862,0.00020179767,8.073447e-05,9.1870344e-05,7.943616e-05,0.00017248438,6.4963235e-05,0.0,0.0011720698,0.0014017903,0.0006204814,5.9253598e-05,0.0,0.0010061656,0.0013664538,0.0004276015,7.4402255e-05,0.0003824025,6.962814e-05,0.00016501517,3.9488106e-05,5.758524e-05,0.0003750566,0.000110601875,0.000105332874,0.00012760203,7.0988564e-05,7.935099e-05,0.0001101989,6.5339605e-05,4.6588902e-05,3.5279845e-05,7.0702794e-05,4.0974883e-05,0.0001572309,2.991895e-05,0.00019002632,6.798522e-05,0.0001289058,0.000409686,3.9106977e-05,0.000186322,0.00016718882,0.00017824901,0.0002928529,9.7690034e-05,0.000122048936,0.0006028554,0.00039140205,0.00034072003,0.0006818528,0.00016095319,0.00037102823,6.196791e-05,4.2286163e-05
ask_range_8_bps,1.5097888e-05,6.3096845e-06,9.846495e-06,5.7751015e-05,6.1727376e-05,3.8714985e-05,1.7581766e-05,5.1633964e-05,0.000104624225,0.0024758868,0.00017017954,4.2233863e-05,5.0563896e-05,9.452073e-05,0.0001389755,0.00041022123,5.668162e-05,3.6998394e-05,3.219385e-05,1.335314e-05,9.775719e-05,7.209649e-05,1.682565e-05,5.1347957e-05,1.1502578e-05,8.583843e-05,9.655817e-05,1.5201455e-05,4.3690936e-05,7.149961e-05,5.77903e-05,3.870611e-05,1.0517056e-05,0.00025774693,0.000163367,6.586512e-05,1.233016e-05,0.0,0.00016578483,0.0002786231,0.00010317192,2.9939072e-05,7.206519e-05,2.5085985e-05,4.4757644e-06,2.8424884e-05,2.5659669e-05,0.00012987076,3.1251897e-05,3.13841e-05,5.2516603e-05,3.9104598e-05,1.6058777e-05,2.7500662e-05,1.7103483e-05,1.2961189e-05,1.5787355e-05,2.990856e-05,2.2916021e-05,0.00015011545,2.0887388e-05,7.425083e-05,2.2028371e-05,3.9730123e-05,0.0001579474,3.1796757e-05,5.323081e-05,8.100385e-05,8.322247e-05,5.1054245e-05,2.4128876e-05,3.9384217e-05,0.00015085311,0.00019161204,0.00021642816,0.00023408695,9.55091e-05,0.00011446028,7.5229773e-06,7.329321e-07
bid_range_8_bps,0.00020967697,7.131573e-05,6.369671e-05,0.00039555936,0.0005544179,0.000116197225,0.00014839991,0.00023692788,0.00046987153,0.00017017954,0.019681904,0.000336457,0.000169868,0.00016395802,0.0006291547,0.00035067546,0.00016164221,0.0001461443,9.084245e-05,0.00011400649,0.00068005803,0.0008065143,0.00046732594,0.00015110962,0.00016342053,0.0017722211,0.00026864005,0.00014357289,0.000108043096,0.00016695436,0.00017472693,7.162697e-05,0.00028438022,0.0011807176,0.00050783803,0.0002726568,0.00016141961,1.29709915e-05,0.0013855752,0.0023645496,0.0003952423,0.0001148367,0.00016419901,0.00022008657,0.00012089484,9.547283e-05,8.755847e-05,0.0005885337,0.00028893206,0.00019321221,0.00014120582,0.00020188784,0.0003105034,0.00017176145,0.00012318985,4.8669273e-05,8.453752e-05,0.000118367236,7.3201925e-05,0.00018747602,8.767011e-05,0.0004205959,9.0949776e-05,0.0001284849,0.000954995,0.00019669588,0.0002448392,0.00026131066,0.00029071452,0.0005445115,0.00019373564,7.716596e-05,0.0004940078,0.00044610965,0.00040436108,0.00066100847,0.0003008745,0.0008777965,8.042815e-05,0.00011532096
ask_concentration,2.6004933e-05,9.027541e-06,2.8755838e-05,4.4318742e-05,4.774839e-05,3.5712567e-06,1.8731145e-05,5.85741e-05,0.000121458186,4.2233863e-05,0.000336457,0.0024556064,5.9327667e-05,4.4963028e-05,0.00011600293,6.154641e-05,7.4202566e-05,1.3307529e-05,3.465022e-05,3.2652704e-05,9.333249e-05,9.218546e-05,3.4456945e-05,3.519164e-05,1.8031518e-05,0.00016165896,0.000113954055,3.0278603e-05,5.247582e-05,2.4484074e-05,8.703396e-05,1.0718785e-05,9.072325e-06,0.00032920847,0.00016541558,0.0001438198,3.5768113e-05,7.582073e-07,0.00031067152,0.00027394938,8.8164765e-05,1.9054965e-05,8.970343e-05,2.4926585e-05,2.5598647e-05,1.3476754e-05,3.535001e-05,0.00021184894,2.7476273e-05,6.9503345e-05,5.1625975e-05,4.1702315e-05,2.5223958e-06,3.4902845e-05,3.0211702e-05,3.5181263e-05,2.3634899e-05,2.3012517e-05,3.2675023e-05,5.629618e-05,1.0460684e-05,0.00010477643,3.5032157e-05,1.8297036e-05,0.00013093273,3.390538e-05,2.7830323e-05,0.00010293988,8.689982e-05,5.896543e-05,1.891155e-05,7.354569e-05,0.00026485158,0.00022784997,0.00016245373,0.00030013145,5.7036083e-05,0.0001074778,2.788522e-07,0.0
bid_concentration,5.2038395e-05,3.8995706e-05,3.5752597e-05,5.2471445e-05,6.637943e-05,3.9373877e-05,0.000108937704,2.2172228e-05,0.00013856437,5.0563896e-05,0.000169868,5.9327667e-05,0.0027534463,0.00010017325,0.00041530852,0.00014904882,4.308481e-05,2.4979656e-05,5.039331e-05,6.199987e-05,9.42472e-05,0.00010881916,8.74677e-05,1.0431999e-05,6.5050995e-06,0.00023185881,5.506437e-05,5.6170244e-05,3.475472e-05,6.2999374e-05,1.6836086e-05,2.7396174e-05,5.4366094e-05,0.00033421803,0.00021099705,0.00014421274,7.2453654e-06,0.0,0.00025288938,0.00031854393,0.0001142329,2.4207866e-05,9.061591e-05,4.2802854e-05,2.7687664e-05,2.3436243e-05,3.1655352e-05,0.00027259474,5.402012e-05,8.046725e-05,4.0136925e-05,5.1524738e-05,6.171858e-05,6.944553e-05,2.0610127e-05,1.5523456e-05,1.5282983e-05,4.3268094e-05,7.41986e-06,0.00012871168,1.5117972e-05,0.00012456614,2.528769e-05,1.551121e-05,0.00019874841,3.327128e-05,4.635267e-05,6.9455054e-05,9.783135e-05,7.332004e-05,4.152824e-05,4.0620507e-05,0.00021947388,0.00022696258,0.0001417993,0.00021797145,7.8583565e-05,0.00018711067,3.344116e-06,9.988085e-06
ask_slope,8.914052e-05,0.00022027234,7.167765e-05,0.00010856331,0.00019957687,7.641079e-05,8.217995e-05,8.107876e-05,0.00020451812,9.452073e-05,0.00016395802,4.4963028e-05,0.00010017325,0.007389989,0.00018891253,0.00024764158,5.5901437e-05,4.656743e-05,5.9898757e-05,2.4562187e-05,7.364031e-05,8.966238e-05,0.00010309839,2.6529075e-05,4.4993118e-05,0.00031679866,0.0001621501,7.511686e-05,3.882005e-05,6.331346e-05,4.2017233e-05,5.82326e-05,8.2108265e-05,0.00084215315,0.0011100057,0.0001652652,3.2917404e-05,5.5956e-06,0.00044000833,0.00043743165,0.00029126278,3.3788805e-05,9.990802e-05,5.5173427e-05,5.5692857e-05,5.715931e-05,5.090866e-05,0.00027694134,6.229294e-05,0.00011839027,7.921867e-05,0.00013669532,6.2956475e-05,8.9328576e-05,6.9464804e-05,0.00010204739,6.8694586e-05,4.4002736e-05,1.5446632e-05,0.00026770847,2.8994746e-05,0.00018409373,1.7380593e-05,4.8850547e-05,0.00027472957,0.00012762762,0.00013183185,0.00017878995,0.00013674932,0.0001054214,0.0001010512,0.00011418942,0.00033211682,0.0003445954,0.00023218628,0.00032924308,0.00021152078,0.00010912193,1.895331e-05,1.1709345e-05
bid_slope,8.751449e-05,0.00019075116,0.00013911327,0.00018810798,0.00034722162,0.0002733543,0.00019635014,0.00016287086,0.0004977482,0.0001389755,0.0006291547,0.00011600293,0.00041530852,0.00018891253,0.017694646,0.0004694912,0.00011663936,9.120319e-05,6.755768e-05,9.947594e-05,0.00036094594,0.00033985847,0.00019932594,0.00011836458,7.557243e-05,0.00045863367,0.00057275686,0.00017171593,7.820352e-05,8.2421815e-05,7.9476915e-05,0.00028478244,4.2251857e-05,0.0006451134,0.00061135716,0.0003667685,9.4911185e-05,7.835022e-06,0.0010055999,0.0014516659,0.0004430054,0.00014480487,0.00028734974,0.00014409765,7.5903496e-05,9.418507e-05,7.61283e-05,0.00071187865,0.00016334782,0.00028003327,0.00018432547,0.00011534719,0.00011358351,0.00018473514,0.000111840935,5.4877873e-05,6.911052e-05,0.0001034446,7.405449e-05,0.00034483802,3.1786596e-05,0.00028059652,5.529926e-05,6.9954054e-05,0.00048776655,9.818982e-05,0.00024402986,0.00034398996,0.0003879604,0.0003953994,0.00015867484,0.00019310125,0.00067462196,0.0005960042,0.00047396022,0.0006993326,0.00026613235,0.00040190367,5.039077e-05,7.304152e-05
log_ask_depth_1,0.000114223025,0.00023541445,9.370658e-05,0.00011262862,0.00043513085,0.00012126519,0.00018999839,0.00017587992,0.0006537966,0.00041022123,0.00035067546,6.154641e-05,0.00014904882,0.00024764158,0.0004694912,0.019648435,0.0001908605,0.00013616304,0.00021455623,0.00017808014,0.00017014574,0.00033563943,0.00015766773,9.048312e-05,6.7597684e-05,0.00079346175,0.00038393095,0.00015421769,6.539707e-05,0.0002507063,0.00022500171,0.00019939565,0.00016517425,0.0025855575,0.0019571877,0.00083200866,0.0001515094,3.58529e-05,0.0010481483,0.0028203153,0.00033495127,0.000105932726,0.00023739491,0.00010248363,0.00020038424,0.00016939557,0.00011145169,0.0008506051,0.00019269562,0.00032175015,0.00013926576,0.00023395209,0.00011693127,0.00015608115,0.00010495478,8.972164e-05,0.00011977654,9.632075e-05,7.674151e-05,0.00020477944,5.0132563e-05,0.00032197507,4.200879e-05,0.0001564134,0.00039187956,6.683691e-05,0.0005572137,0.00052724517,0.0005381964,0.00016666121,0.00012420728,0.0002860019,0.00076977274,0.0005266226,0.00047444116,0.00055192393,0.00010264472,0.00042581264,0.00010460522,6.182016e-05
log_ask_depth_2,5.4692242e-05,5.334542e-05,4.9022034e-05,9.7415614e-05,6.183255e-05,7.182147e-05,7.611941e-05,5.6953217e-05,0.00013760885,5.668162e-05,0.00016164221,7.4202566e-05,4.308481e-05,5.5901437e-05,0.00011663936,0.0001908605,0.0050482666,2.6394477e-05,3.5895857e-05,4.6182708e-05,0.00012942443,8.1700746e-05,4.8054455e-05,1.880479e-05,2.5074172e-05,0.00020108672,0.00013446709,8.084167e-05,7.829589e-05,4.21274e-05,0.00013463564,0.000101374644,6.0821567e-05,0.0008277266,0.00037320654,0.00029483135,4.7135e-05,0.0,0.0004749368,0.0004979591,8.8680725e-05,7.7179364e-05,0.00011866248,5.2625717e-05,6.704803e-05,9.483936e-05,6.513942e-05,0.0003369222,5.2193438e-05,8.4872394e-05,6.463453e-05,3.989595e-05,3.16189e-05,8.374685e-05,4.8930502e-05,2.5871333e-05,2.525848e-05,2.5867274e-05,2.4425974e-05,0.0001273963,1.332771e-05,0.00020076765,5.5253346e-05,5.6032623e-05,0.00018003579,7.148358e-05,0.00015993355,0.00022288125,0.00012300623,6.4165564e-05,8.157704e-05,8.785532e-05,0.0007033553,0.00027113935,0.00027035776,0.00023622513,0.00012663331,0.00028564793,2.811521e-05,3.0116904e-05
log_ask_depth_3,4.0581454e-05,3.505039e-05,2.7536216e-05,0.000104735605,8.612196e-05,5.049186e-05,5.2483545e-05,5.0251023e-05,0.00011104835,3.6998394e-05,0.0001461443,1.3307529e-05,2.4979656e-05,4.656743e-05,9.120319e-05,0.00013616304,2.6394477e-05,0.0031829132,5.373899e-05,3.300174e-05,0.00012488558,7.1708724e-05,6.636407e-05,5.6904853e-05,1.0035273e-05,0.00018471258,0.00012758178,5.4816206e-05,3.0964977e-05,2.9396764e-05,3.964062e-05,4.92902e-05,2.8818056e-05,0.00065250724,0.00022287526,0.0001304054,5.7226425e-05,0.0,0.00032149584,0.00059776305,8.530646e-05,2.6418087e-05,0.00012974869,3.3332606e-05,1.9907457e-05,9.655855e-05,2.3192264e-05,0.0002015119,3.9419894e-05,7.3401985e-05,9.596432e-05,4.74162e-05,3.259821e-05,3.232268e-05,0.000102207334,3.7979284e-05,3.34681e-05,1.9769128e-05,1.0409341e-05,7.181259e-05,2.715541e-05,4.1969248e-05,4.679889e-06,4.7887006e-05,0.00012056311,4.858863e-05,0.00029642083,6.429009e-05,0.00010301312,7.454997e-05,5.399592e-05,6.384738e-05,0.00021122639,0.00025124574,0.00023239998,0.00034989402,3.2311083e-05,0.00010475386,1.7485847e-05,1.0971897e-05
log_ask_depth_5,1.0393903e-05,6.347619e-05,4.3351545e-05,6.767427e-05,3.6354908e-05,3.4360713e-05,4.5300672e-05,3.224819e-05,5.1226943e-05,3.219385e-05,9.084245e-05,3.465022e-05,5.039331e-05,5.9898757e-05,6.755768e-05,0.00021455623,3.5895857e-05,5.373899e-05,0.0024902923,5.6933975e-05,0.00011197366,4.6518177e-05,2.5502739e-05,1.8583147e-05,2.0413396e-05,9.254886e-05,8.1948434e-05,2.7913708e-05,8.328337e-06,5.2114025e-05,4.5356166e-05,3.944818e-05,1.4757368e-06,0.0002696232,0.0003408765,0.00014273179,0.00014122455,0.0,0.00015724462,0.00043815005,9.2606075e-05,3.0246812e-05,6.097589e-05,1.03905695e-05,9.135219e-06,2.6600243e-05,4.1655854e-05,0.00010578994,2.4085413e-05,3.2490956e-05,2.657884e-05,4.5267305e-05,7.691818e-06,2.1941409e-05,2.9297049e-05,1.8582166e-05,4.7830076e-06,2.8913588e-05,4.8910624e-05,3.5656416e-05,1.0811371e-05,7.569884e-05,2.7621452e-05,3.4976038e-05,0.00015197818,2.5278288e-05,0.00020169729,0.00046037565,3.89025e-05,6.282923e-05,3.2215365e-05,5.1199997e-05,0.00012742566,0.00012713968,0.00010595095,8.305035e-05,2.9980034e-05,7.0477865e-05,5.0150615e-05,1.1929808e-05
log_ask_depth_8,1.8364673e-05,0.00013866255,6.922254e-05,5.879574e-05,0.00019016325,2.0802214e-05,5.6801066e-05,5.2643052e-05,9.958055e-05,1.335314e-05,0.00011400649,3.2652704e-05,6.199987e-05,2.4562187e-05,9.947594e-05,0.00017808014,4.6182708e-05,3.300174e-05,5.6933975e-05,0.0031158936,8.349809e-05,3.6124482e-05,2.8024671e-05,2.8200258e-05,1.2489266e-05,0.0002310147,6.4046144e-05,5.5658205e-05,1.818295e-05,2.6499306e-06,1.0042837e-05,2.8926144e-05,4.7779922e-05,0.00033377885,0.0002122931,0.00011938076,2.841047e-05,0.0,0.00017707699,0.00063087,8.6208085e-05,3.298571e-05,0.00010068412,5.5802066e-05,3.7339873e-05,3.1150194e-05,2.1182686e-06,0.00018201297,2.4189196e-05,9.88619e-05,2.7627433e-05,2.844473e-05,2.207255e-05,3.8449445e-05,7.704723e-05,2.161821e-05,2.1789356e-06,2.2370017e-05,2.7888991e-05,5.3384985e-05,1.928367e-05,6.85842e-05,4.250753e-05,4.261907e-05,0.00015402574,2.001739e-05,6.654382e-05,0.00015806584,0.00013746395,0.0001226478,3.1450072e-05,3.755079e-05,0.00012354983,0.00018862814,0.0001418643,0.00028641964,5.58697e-05,8.475315e-05,8.460348e-06,1.3699457e-06
log_bid_depth_1,2.3628743e-05,4.2234107e-05,5.3668948e-05,0.00014741787,0.00016644558,0.00014350984,0.00020847339,8.313619e-05,0.00043572986,9.775719e-05,0.00068005803,9.333249e-05,9.42472e-05,7.364031e-05,0.00036094594,0.00017014574,0.00012942443,0.00012488558,0.00011197366,8.349809e-05,0.0108368695,0.00014632776,9.800734e-05,5.7717905e-05,7.565945e-05,0.0005028919,0.00023252598,8.560735e-05,7.362678e-05,8.3824474e-05,8.333408e-05,0.00021273636,0.0002015902,0.001320014,0.00045447084,0.00021509937,5.553556e-05,2.2787188e-05,0.00194055,0.0012046251,0.00021483879,7.804363e-05,0.00018293537,0.00016343355,5.0720395e-05,4.535622e-05,5.676839e-05,0.0004128583,8.575805e-05,0.00010699281,0.00018222259,0.00010583053,4.5772726e-05,9.816446e-05,4.9962655e-05,4.8567126e-05,3.7168218e-05,9.1804366e-05,5.11073e-05,0.00013438523,2.5461834e-05,0.00039107454,1.1496896e-05,5.633039e-05,0.00022363031,5.7628484e-05,0.00014774308,0.00013565665,0.00027735948,0.00025173562,0.00010067032,0.00011032335,0.0005214577,0.0003124121,0.00035388826,0.0006816076,0.00012196976,0.0005269864,2.0772675e-05,2.7233518e-05
log_bid_depth_2,7.646414e-05,7.582297e-05,4.4423545e-05,0.00016108232,0.00063749333,5.113373e-05,7.4074356e-05,8.085868e-05,0.00032248415,7.209649e-05,0.0008065143,9.218546e-05,0.00010881916,8.966238e-05,0.00033985847,0.00033563943,8.1700746e-05,7.1708724e-05,4.6518177e-05,3.6124482e-05,0.00014632776,0.010381826,0.00012803395,3.828493e-05,6.310959e-05,0.00026738874,0.0002191527,8.07213e-05,3.4032848e-05,0.00015608832,7.951594e-05,8.725423e-05,7.441062e-05,0.0010158423,0.0007508344,0.00015805804,7.8659024e-05,8.668815e-06,0.0005244844,0.0011376069,0.00049864553,0.000104261606,0.00016713655,0.00010033117,5.4199318e-05,5.530642e-05,0.000105555046,0.0003528064,6.239585e-05,0.00014677965,0.00010965419,8.256352e-05,5.096321e-05,0.00012373271,6.076366e-05,8.3732244e-05,1.4878368e-05,6.0745548e-05,9.831574e-06,0.00013192084,6.664358e-05,0.0005177996,6.4930115e-05,3.4242654e-05,0.00025132077,0.00010871761,0.0001340619,0.00024187833,0.00018013203,0.0005881596,9.058726e-05,0.00010212842,0.00046355763,0.00029904293,0.00027122983,0.00047838892,0.0001215708,0.00033081113,1.3268131e-05,2.900309e-05
log_bid_depth_3,4.24315e-05,7.5018186e-05,5.0690498e-05,0.0001022287,0.00011054527,8.492028e-05,7.314108e-05,4.7755962e-05,0.00014215468,1.682565e-05,0.00046732594,3.4456945e-05,8.74677e-05,0.00010309839,0.00019932594,0.00015766773,4.8054455e-05,6.636407e-05,2.5502739e-05,2.8024671e-05,9.800734e-05,0.00012803395,0.0051640132,2.5425632e-05,3.175966e-05,0.00020127994,0.00010877486,8.820353e-05,3.4540368e-05,2.723674e-05,7.4814154e-05,6.1528604e-05,6.373241e-05,0.00047937123,0.00040121737,9.9820834e-05,6.1015773e-05,0.0,0.0005036028,0.0006760972,0.00029408146,5.3357333e-05,9.496994e-05,5.37291e-05,2.6533124e-05,3.6076068e-05,2.8615721e-05,0.00021287074,2.6982068e-05,9.538228e-05,6.95479e-05,4.923947e-05,0.00010187592,9.383938e-05,3.0490855e-05,3.1481482e-05,5.05773e-05,5.6320016e-05,2.8492212e-05,0.000102434984,8.4109515e-06,8.071379e-05,4.486533e-05,4.145993e-05,0.00016158292,1.772014e-05,0.0001408035,0.0001429724,9.45558e-05,0.00013695846,4.327631e-05,4.921115e-05,0.00023373119,0.0002385602,0.000183574,0.00020099436,6.0340135e-05,0.00012942374,2.874468e-05,2.0809153e-05
log_bid_depth_5,1.5049205e-05,2.2631086e-05,3.0504294e-05,4.768841e-05,5.8470196e-05,6.2929894e-06,4.436804e-05,1.7343471e-05,8.294832e-05,5.1347957e-05,0.00015110962,3.519164e-05,1.0431999e-05,2.6529075e-05,0.00011836458,9.048312e-05,1.880479e-05,5.6904853e-05,1.8583147e-05,2.8200258e-05,5.7717905e-05,3.828493e-05,2.5425632e-05,0.0013478234,1.7424585e-05,8.347381e-05,6.249098e-05,2.1112717e-05,9.329961e-06,3.2192256e-05,2.6363612e-05,1.836119e-05,1.8633684e-05,0.00012561808,0.00010257092,8.230783e-05,2.9559294e-05,1.4653772e-05,0.00016593459,0.00032769988,0.0001172603,3.2017215e-05,5.863793e-05,1.4053719e-05,2.5599042e-05,2.8395441e-05,3.156357e-05,0.00013632441,2.5896898e-05,3.1668886e-05,2.4653922e-05,3.0278106e-05,4.12355e-05,6.288491e-05,4.3558503e-06,1.3349975e-05,1.5086912e-05,1.589633e-05,2.6340846e-05,5.2703173e-05,1.3610664e-05,3.90505e-05,2.046298e-05,1.00661155e-05,0.000113987786,7.263357e-05,5.0843235e-05,7.041963e-05,0.00013013736,6.5663e-05,1.2406339e-05,2.4110648e-05,0.00015582656,8.020743e-05,7.120133e-05,0.0001248843,4.71813e-05,0.00013559981,1.2446417e-05,4.946013e-06
log_bid_depth_8,3.350001e-05,2.7220796e-05,1.0494009e-05,2.9712342e-05,6.2276216e-05,2.2404873e-05,2.5644735e-05,2.1016373e-05,3.8252027e-05,1.1502578e-05,0.00016342053,1.8031518e-05,6.5050995e-06,4.4993118e-05,7.557243e-05,6.7597684e-05,2.5074172e-05,1.0035273e-05,2.0413396e-05,1.2489266e-05,7.565945e-05,6.310959e-05,3.175966e-05,1.7424585e-05,0.0011541588,0.00015979813,0.0001239588,4.7465204e-05,2.0350852e-05,4.0364266e-05,5.241678e-05,1.8298451e-05,1.989833e-05,0.00018933185,0.00017646117,5.7251782e-05,1.870678e-05,0.0,0.0002635486,0.00027278787,0.00011686651,1.3763479e-05,4.3735887e-05,1.21172625e-05,2.161281e-05,6.149987e-06,2.3669323e-05,0.00013253604,3.4101828e-05,4.7762274e-05,2.5236644e-05,3.9625953e-05,2.5036928e-05,2.9086563e-05,3.9996758e-06,1.2526282e-05,1.8880934e-05,3.3359618e-05,8.26557e-06,5.283609e-05,4.4879434e-06,6.64862e-05,1.3771022e-05,1.4922764e-05,0.00011960775,0.0,0.00010586111,9.215368e-05,0.00013834861,5.7579204e-05,1.9790838e-05,3.622843e-05,6.940051e-05,0.0001412967,7.946983e-05,0.00010764395,4.972301e-05,0.00010897306,1.6505035e-05,9.3108465e-06
obi_1,9.910572e-05,0.00023025188,0.00011818858,0.00014259214,0.00035151636,0.00017731277,0.00018619947,0.0002644331,0.0013070862,8.583843e-05,0.0017722211,0.00016165896,0.00023185881,0.00031679866,0.00045863367,0.00079346175,0.00020108672,0.00018471258,9.254886e-05,0.0002310147,0.0005028919,0.00026738874,0.00020127994,8.347381e-05,0.00015979813,0.021213429,0.00034355215,0.0002651587,7.573353e-05,0.00015411086,0.00016671095,0.00016772775,0.00032820442,0.0012404417,0.0019118512,0.00086679537,0.00015439827,7.583972e-06,0.0010786651,0.002391142,0.00058697234,6.474928e-05,0.0003721802,0.00031327383,0.00028375347,0.00013017074,6.54539e-05,0.00042561893,8.052581e-05,0.00013495568,0.00013166589,0.00020267794,7.497618e-05,0.00018150022,0.00016086533,7.820686e-05,0.00015047123,0.0001156465,9.280691e-05,0.00018523159,3.5104593e-05,0.00016696825,5.6696208e-05,0.00011423403,0.00057916134,0.000102751095,0.0005683344,0.0005068532,0.00029852282,0.00050277176,0.00012252474,0.00014659968,0.00041321068,0.00025217334,0.0002816815,0.00053210324,0.00017360259,0.0007310455,7.787019e-05,1.8433606e-05
obi_2,8.772696e-05,7.793947e-05,0.000111640904,0.00015540098,0.00017554901,7.4340074e-05,8.324025e-05,5.2271327e-05,0.00020179767,9.655817e-05,0.00026864005,0.000113954055,5.506437e-05,0.0001621501,0.00057275686,0.00038393095,0.00013446709,0.00012758178,8.1948434e-05,6.4046144e-05,0.00023252598,0.0002191527,0.00010877486,6.249098e-05,0.0001239588,0.00034355215,0.009926971,0.00018306347,7.1330134e-05,0.000116063995,0.00014312203,8.896334e-05,9.588735e-05,0.0018551701,0.00070984015,0.00034302715,0.00011894095,2.1156018e-06,0.0007670309,0.0015342855,0.0003819109,5.348751e-05,0.00029231867,7.5715085e-05,9.1836584e-05,0.00011858165,7.9292855e-05,0.0003990577,0.000111252404,0.00011668034,8.409922e-05,6.190456e-05,4.9983766e-05,9.9470424e-05,0.00011844977,5.0489893e-05,7.725517e-05,6.446174e-05,2.5951227e-05,0.000158994,3.0451809e-05,0.00016696508,4.5318728e-05,5.08118e-05,0.00047648768,6.522126e-05,0.00015026216,0.0004571053,0.00021906247,0.00025412563,6.462255e-05,7.3524265e-05,0.00033830007,0.00018515269,0.0003658919,0.0001971188,0.00020394142,0.00035273444,4.2054195e-05,7.473526e-06
obi_3,1.7965738e-05,6.134784e-05,2.3049412e-05,7.894511e-05,0.00013679321,7.326164e-05,5.475263e-05,9.962307e-05,8.073447e-05,1.5201455e-05,0.00014357289,3.0278603e-05,5.6170244e-05,7.511686e-05,0.00017171593,0.00015421769,8.084167e-05,5.4816206e-05,2.7913708e-05,5.5658205e-05,8.560735e-05,8.07213e-05,8.820353e-05,2.1112717e-05,4.7465204e-05,0.0002651587,0.00018306347,0.00422442,2.2512268e-05,3.311704e-05,7.057596e-05,3.3285614e-05,5.065697e-06,0.0006467184,0.00041874143,0.00017859372,4.8329304e-05,3.731073e-06,0.00020625757,0.0014492194,0.00024133209,3.9597828e-05,8.270908e-05,7.188302e-05,4.3088996e-05,6.858543e-05,3.838921e-05,7.811817e-05,6.1808125e-05,7.7000164e-05,5.9710695e-05,4.740954e-05,2.8112774e-05,7.072635e-05,4.485965e-05,3.297003e-05,4.557179e-05,4.4202934e-05,7.163366e-06,7.224818e-05,8.477078e-05,7.046716e-05,4.7636506e-05,4.556036e-05,0.00015558129,5.164729e-05,0.0002825096,0.00015628636,0.0002092217,0.00014109844,1.9144925e-05,6.105489e-05,0.00013499973,7.8325276e-05,9.953386e-05,0.00011529148,3.4938188e-05,9.495145e-05,3.19018e-05,9.528869e-06
obi_5,2.8239563e-05,1.9722085e-05,7.161833e-05,3.9936596e-05,7.10861e-05,2.8322469e-05,1.7795744e-05,7.115167e-05,9.1870344e-05,4.3690936e-05,0.000108043096,5.247582e-05,3.475472e-05,3.882005e-05,7.820352e-05,6.539707e-05,7.829589e-05,3.0964977e-05,8.328337e-06,1.818295e-05,7.362678e-05,3.4032848e-05,3.4540368e-05,9.329961e-06,2.0350852e-05,7.573353e-05,7.1330134e-05,2.2512268e-05,0.0017846922,3.563661e-05,6.553893e-05,4.394461e-05,5.292006e-06,0.00030468183,0.00032654408,7.498075e-05,1.6635035e-05,1.1108801e-06,0.00019563633,0.00023035448,7.296198e-05,1.1535362e-05,4.9459573e-05,1.1353412e-05,1.0658678e-05,3.1901433e-05,1.5147456e-05,0.00012056301,5.1531333e-05,2.7656823e-05,3.389726e-05,3.9620038e-05,1.866264e-05,6.461446e-05,1.0902058e-05,1.4484055e-05,1.43323705e-05,2.9701795e-07,6.2797053e-06,4.4493987e-05,2.8856966e-05,5.3637938e-05,4.7829467e-06,5.2136356e-06,0.000117186515,2.5033925e-05,0.0001046287,9.5481424e-05,9.404987e-05,5.024928e-05,4.052839e-05,1.4005851e-05,0.00013484982,9.000786e-05,6.5137676e-05,0.00010659553,4.2741864e-05,6.992803e-05,2.8579878e-05,1.0103189e-06
obi_8,1.6248208e-05,3.2372707e-05,4.2698623e-05,5.260999e-05,6.0957642e-05,2.7616045e-06,2.6743663e-05,2.5117743e-05,7.943616e-05,7.149961e-05,0.00016695436,2.4484074e-05,6.2999374e-05,6.331346e-05,8.2421815e-05,0.0002507063,4.21274e-05,2.9396764e-05,5.2114025e-05,2.6499306e-06,8.3824474e-05,0.00015608832,2.723674e-05,3.2192256e-05,4.0364266e-05,0.00015411086,0.000116063995,3.311704e-05,3.563661e-05,0.0025195715,2.131535e-05,2.7085316e-05,3.685632e-05,0.00023731384,0.0002582695,0.00016009684,3.187413e-05,2.7650033e-06,0.0002873861,0.0003931137,0.000114914685,3.6712674e-05,6.5987195e-05,3.34e-05,2.540952e-05,9.2224145e-06,4.4136617e-05,0.00012472752,1.4139713e-05,4.2097116e-05,2.2096063e-05,2.8298102e-05,4.0779716e-05,1.6048516e-05,2.7160304e-05,1.1725437e-05,6.7073734e-06,3.1534353e-05,1.732117e-05,6.3213236e-05,1.7928534e-06,0.00017803999,1.8398556e-05,2.6539648e-05,0.000100554986,1.9868121e-05,0.00016483056,0.00011375153,0.00012338518,0.0001188969,2.3899505e-05,3.8709244e-05,0.00013183888,7.893165e-05,9.025219e-05,0.000115951865,3.2862652e-05,0.00010716318,9.154866e-06,2.5904847e-06
weighted_obi,7.259663e-05,7.656597e-05,0.00011542896,3.980115e-05,0.000119664815,2.1557893e-05,5.2188792e-05,4.098789e-05,0.00017248438,5.77903e-05,0.00017472693,8.703396e-05,1.6836086e-05,4.2017233e-05,7.9476915e-05,0.00022500171,0.00013463564,3.964062e-05,4.5356166e-05,1.0042837e-05,8.333408e-05,7.951594e-05,7.4814154e-05,2.6363612e-05,5.241678e-05,0.00016671095,0.00014312203,7.057596e-05,6.553893e-05,2.131535e-05,0.0042512324,3.4483277e-05,5.64327e-05,0.000736674,0.00071511,0.00020655857,5.8073852e-05,0.0,0.00042497405,0.00058390334,9.6932534e-05,6.281113e-05,0.00011963074,1.96291e-05,2.9877234e-05,6.1591585e-05,6.743211e-05,0.00011124483,4.7878806e-05,3.045474e-05,7.749541e-05,2.8265898e-05,5.684525e-05,5.3417145e-05,6.028565e-05,3.0904564e-05,1.3292373e-05,4.3966164e-05,1.1117995e-05,1.9778483e-05,1.2863004e-05,0.00012542203,5.493488e-05,1.4888061e-05,0.00021283323,8.389743e-05,0.000117179465,0.00015431289,0.00016340312,8.6981236e-05,7.9334495e-05,8.633596e-05,0.00010315527,0.000118252625,0.00014648563,0.00016442801,0.00014002442,9.130797e-05,1.9470495e-05,6.987414e-06
microprice_edge_bps,5.7686925e-06,1.49049465e-05,2.8294347e-05,4.74893e-05,4.3120952e-05,1.9612668e-05,3.1475574e-05,2.1838116e-05,6.4963235e-05,3.870611e-05,7.162697e-05,1.0718785e-05,2.7396174e-05,5.82326e-05,0.00028478244,0.00019939565,0.000101374644,4.92902e-05,3.944818e-05,2.8926144e-05,0.00021273636,8.725423e-05,6.1528604e-05,1.836119e-05,1.8298451e-05,0.00016772775,8.896334e-05,3.3285614e-05,4.394461e-05,2.7085316e-05,3.4483277e-05,0.0031113354,6.640068e-05,0.00078776135,0.00043367804,0.0001203159,4.7385024e-06,1.6312947e-06,0.00042268515,0.0006015494,8.7972454e-05,2.380442e-05,6.400799e-05,5.305331e-05,1.2122767e-05,1.4143482e-05,6.195428e-05,0.00016911594,2.52217e-06,8.217533e-05,2.507669e-05,1.0806963e-05,2.0022972e-05,3.023288e-05,2.6560965e-05,4.073206e-06,7.1638933e-06,3.2976583e-05,2.748396e-06,4.3849497e-05,2.8919594e-05,5.8546335e-05,6.8191393e-06,3.3378467e-06,7.9826e-05,5.5630873e-05,0.00012430755,0.00012029269,0.000115043345,5.1925403e-05,9.0883805e-06,3.0231125e-05,0.00023290176,0.0001181354,8.893293e-05,0.00012676003,4.601741e-05,0.00012620549,0.0,2.1334745e-05
ask_distance_1_bps,0.0,7.3039414e-06,2.9228077e-05,1.9852967e-05,7.395214e-05,3.067937e-05,1.647176e-05,3.2003427e-05,0.0,1.0517056e-05,0.00028438022,9.072325e-06,5.4366094e-05,8.2108265e-05,4.2251857e-05,0.00016517425,6.0821567e-05,2.8818056e-05,1.4757368e-06,4.7779922e-05,0.0002015902,7.441062e-05,6.373241e-05,1.8633684e-05,1.989833e-05,0.00032820442,9.588735e-05,5.065697e-06,5.292006e-06,3.685632e-05,5.64327e-05,6.640068e-05,0.0017384186,0.00027900396,0.00020657334,1.355033e-05,8.96838e-05,0.0,0.00048163795,0.00029997388,0.00010317244,2.7807911e-05,4.672061e-05,0.0,2.3802893e-05,2.3121911e-05,2.537124e-06,9.495879e-05,1.711296e-05,1.1975518e-05,1.65282e-05,3.6366226e-05,0.0,4.1103285e-05,1.2579115e-05,2.9752331e-05,0.0,2.396481e-05,2.0805337e-05,6.213658e-05,3.172335e-05,6.4016655e-05,1.6423119e-06,1.942169e-05,5.655352e-05,4.3835855e-05,4.3864926e-05,3.7402348e-05,3.330863e-05,7.6660865e-05,4.045485e-06,2.2618564e-05,0.00016800223,7.629415e-05,3.1435764e-05,0.00022089531,2.0232106e-05,0.00014136013,3.042021e-06,2.1871188e-05
ask_distance_2_bps,0.00036653836,0.00049267453,0.00017954202,0.00039687788,0.0006476837,0.00029467032,0.0005413113,0.00048803512,0.0011720698,0.00025774693,0.0011807176,0.00032920847,0.00033421803,0.00084215315,0.0006451134,0.0025855575,0.0008277266,0.00065250724,0.0002696232,0.00033377885,0.001320014,0.0010158423,0.00047937123,0.00012561808,0.00018933185,0.0012404417,0.0018551701,0.0006467184,0.00030468183,0.00023731384,0.000736674,0.00078776135,0.00027900396,0.051418167,0.003247823,0.0015799846,0.00035642,4.9039012e-05,0.006645845,0.0063029816,0.0011467229,0.00017158888,0.00061698287,0.00031866116,0.0002460648,0.00038132834,0.00036953096,0.00093261705,0.00037936802,0.00058697484,0.0003833919,0.0002783099,0.00020904795,0.0003070895,0.00036816823,0.00017924303,0.00016040767,0.00018976742,0.00021468924,0.00055967254,0.00014052282,0.00050423,0.000107657055,0.00024698925,0.0012883594,0.00029142585,0.00062565773,0.00090580457,0.0010757184,0.00072166324,0.00037094066,0.0003531652,0.00159635,0.0020881474,0.001145711,0.0011745344,0.00028285492,0.0011421537,0.00011678372,0.00018455784
ask_distance_3_bps,0.00016975871,0.00031915988,0.00020311616,0.00031955363,0.00067736564,0.00016227904,0.00024978782,0.00023740949,0.0014017903,0.000163367,0.00050783803,0.00016541558,0.00021099705,0.0011100057,0.00061135716,0.0019571877,0.00037320654,0.00022287526,0.0003408765,0.0002122931,0.00045447084,0.0007508344,0.00040121737,0.00010257092,0.00017646117,0.0019118512,0.00070984015,0.00041874143,0.00032654408,0.0002582695,0.00071511,0.00043367804,0.00020657334,0.003247823,0.03865355,0.0005946286,9.3279115e-05,0.0,0.0015923752,0.003831001,0.00048678686,0.00017411838,0.00051427673,0.00020791306,0.00024604175,0.00019313919,0.00017659279,0.00085037533,0.00017901749,0.00021729323,0.00021661431,0.00020586225,0.000145767,0.00027751044,0.00019247226,0.00020771952,0.00012644137,0.00012365909,0.00024649777,0.0003274145,6.1663195e-05,0.00034083502,0.00015056807,0.00013984722,0.0010085665,0.00032744283,0.00063094654,0.0010100763,0.0005740485,0.00040441804,0.00020260931,0.00025182957,0.0005797782,0.000449832,0.0005907515,0.000551091,0.00022437336,0.00044391246,0.00010273921,8.286792e-05
ask_distance_5_bps,8.0561964e-05,0.00016213041,0.000113253234,0.00013847872,0.00039644822,0.00011445106,6.7873225e-05,0.00015241957,0.0006204814,6.586512e-05,0.0002726568,0.0001438198,0.00014421274,0.0001652652,0.0003667685,0.00083200866,0.00029483135,0.0001304054,0.00014273179,0.00011938076,0.00021509937,0.00015805804,9.9820834e-05,8.230783e-05,5.7251782e-05,0.00086679537,0.00034302715,0.00017859372,7.498075e-05,0.00016009684,0.00020655857,0.0001203159,1.355033e-05,0.0015799846,0.0005946286,0.012207647,5.729469e-05,1.5224472e-07,0.0005651816,0.0010021273,0.0002105527,8.35106e-05,0.00021177059,0.00015875918,5.248465e-05,0.00012032301,4.839299e-05,0.0003255105,9.148915e-05,0.00013263596,0.0001135921,9.596209e-05,0.00011989708,0.000114812574,0.00012652397,6.5982604e-05,4.8574508e-05,6.883454e-05,3.458284e-05,0.00012516335,1.609313e-05,0.000113922746,7.172303e-05,6.281513e-05,0.00027412287,0.00011365202,0.00037152262,0.000628704,0.0002004959,0.00024150917,7.416482e-05,0.0001353232,0.00035780578,0.00039296984,0.00028697253,0.0002073421,0.0001375888,0.000178543,4.394452e-05,4.8173333e-05
ask_distance_8_bps,9.139297e-06,4.6494166e-05,1.790858e-05,6.805726e-05,0.0001263473,9.000091e-06,3.980921e-05,1.0037406e-05,5.9253598e-05,1.233016e-05,0.00016141961,3.5768113e-05,7.2453654e-06,3.2917404e-05,9.4911185e-05,0.0001515094,4.7135e-05,5.7226425e-05,0.00014122455,2.841047e-05,5.553556e-05,7.8659024e-05,6.1015773e-05,2.9559294e-05,1.870678e-05,0.00015439827,0.00011894095,4.8329304e-05,1.6635035e-05,3.187413e-05,5.8073852e-05,4.7385024e-06,8.96838e-05,0.00035642,9.3279115e-05,5.729469e-05,0.0022395747,1.4610688e-06,0.00019329699,0.00021199016,0.00011940727,1.340611e-05,4.3985277e-05,5.2316485e-05,2.2769058e-05,1.0059823e-05,6.318343e-05,0.00014852124,1.219954e-05,3.0604384e-05,3.4393895e-05,1.971288e-05,3.0013147e-05,4.5916124e-05,3.1522777e-05,1.3160988e-05,1.8197197e-05,2.5335374e-05,2.182049e-06,7.364523e-05,2.7003596e-06,3.5338915e-05,1.1049183e-05,3.0801824e-05,9.196822e-05,8.637544e-06,0.00010674319,9.8706616e-05,8.3564984e-05,7.99114e-05,1.3231762e-05,5.790757e-05,0.00014585508,0.00012747647,9.868294e-05,0.00016344518,3.2842017e-05,0.00010639643,8.702571e-06,1.43898615e-05
bid_distance_1_bps,0.0,3.8731255e-06,0.0,2.3764518e-05,6.1133946e-06,0.0,2.5832146e-06,0.0,0.0,0.0,1.29709915e-05,7.582073e-07,0.0,5.5956e-06,7.835022e-06,3.58529e-05,0.0,0.0,0.0,0.0,2.2787188e-05,8.668815e-06,0.0,1.4653772e-05,0.0,7.583972e-06,2.1156018e-06,3.731073e-06,1.1108801e-06,2.7650033e-06,0.0,1.6312947e-06,0.0,4.9039012e-05,0.0,1.5224472e-07,1.4610688e-06,0.0002597587,1.4551148e-05,5.3618576e-05,1.1608484e-05,0.0,1.9905299e-06,1.0067024e-05,0.0,1.6369946e-05,0.0,2.008579e-05,0.0,1.1823327e-05,7.70862e-06,4.635928e-06,7.3656037e-07,0.0,2.4979595e-06,0.0,4.183482e-06,0.0,2.4558406e-06,3.7722634e-06,0.0,3.860296e-05,0.0,0.0,4.8081138e-06,1.713329e-06,1.8705199e-06,6.3914663e-06,2.3548477e-05,0.0,0.0,8.693023e-06,6.292171e-05,5.568204e-05,2.70394e-05,2.1223865e-05,0.0,2.979366e-05,0.0,0.0
bid_distance_2_bps,0.00017161046,0.00018096292,0.0001674566,0.00030815933,0.0005448708,0.00032764082,0.0004076453,0.0003040958,0.0010061656,0.00016578483,0.0013855752,0.00031067152,0.00025288938,0.00044000833,0.0010055999,0.0010481483,0.0004749368,0.00032149584,0.00015724462,0.00017707699,0.00194055,0.0005244844,0.0005036028,0.00016593459,0.0002635486,0.0010786651,0.0007670309,0.00020625757,0.00019563633,0.0002873861,0.00042497405,0.00042268515,0.00048163795,0.006645845,0.0015923752,0.0005651816,0.00019329699,1.4551148e-05,0.035472076,0.0027204796,0.0011128943,0.00028437452,0.0003860993,0.0002559367,0.00017372974,0.00019028832,0.00037461444,0.0011856039,0.00027530495,0.0003785738,0.00020931568,0.00023365428,0.00014085406,0.00021749832,0.00018344435,0.00013300689,0.00017264449,0.00013550962,0.00010137879,0.00030325542,0.0001006429,0.00035039242,0.00012472902,0.00018508715,0.00060203084,7.0660106e-05,0.0005230326,0.0005872479,0.00078772305,0.00045756972,0.00026959417,0.00028546408,0.0011368229,0.0017115057,0.0013780124,0.0012244866,0.00024406206,0.0013076656,6.013815e-05,5.4704135e-05
bid_distance_3_bps,0.00037783387,0.0007569533,0.00023620157,0.000601679,0.00093887496,0.00037592478,0.00052388204,0.00074636965,0.0013664538,0.0002786231,0.0023645496,0.00027394938,0.00031854393,0.00043743165,0.0014516659,0.0028203153,0.0004979591,0.00059776305,0.00043815005,0.00063087,0.0012046251,0.0011376069,0.0006760972,0.00032769988,0.00027278787,0.002391142,0.0015342855,0.0014492194,0.00023035448,0.0003931137,0.00058390334,0.0006015494,0.00029997388,0.0063029816,0.003831001,0.0010021273,0.00021199016,5.3618576e-05,0.0027204796,0.060863074,0.0017015111,0.0005867996,0.0013224538,0.00045231322,0.00029414566,0.0006591027,0.00023670387,0.0014931008,0.00038853186,0.00038797286,0.0003939058,0.000514293,0.0002391085,0.0009330237,0.0002307595,0.000114984075,0.00017700384,0.00021696337,0.00012439766,0.00042732136,0.00017839935,0.0005081988,0.00014108219,0.00025920986,0.0011423823,0.00022603298,0.0010808832,0.001274402,0.0018159393,0.0008082087,0.00029823143,0.0005590344,0.001115497,0.001012755,0.0010572225,0.0010837142,0.00041238195,0.0005588613,0.00011689159,0.00014183013
bid_distance_5_bps,6.21016e-05,5.987348e-05,6.809765e-05,0.00019766254,0.00024645287,0.0001644972,0.00010611301,0.00013881584,0.0004276015,0.00010317192,0.0003952423,8.8164765e-05,0.0001142329,0.00029126278,0.0004430054,0.00033495127,8.8680725e-05,8.530646e-05,9.2606075e-05,8.6208085e-05,0.00021483879,0.00049864553,0.00029408146,0.0001172603,0.00011686651,0.00058697234,0.0003819109,0.00024133209,7.296198e-05,0.000114914685,9.6932534e-05,8.7972454e-05,0.00010317244,0.0011467229,0.00048678686,0.0002105527,0.00011940727,1.1608484e-05,0.0011128943,0.0017015111,0.01198248,8.4620464e-05,0.00019093641,0.00014802461,0.00014880713,0.00011219337,0.00011327365,0.00037477963,0.00013147773,0.00013667643,0.00012795563,0.000115805655,0.000107108484,0.00013415425,7.389537e-05,8.217566e-05,7.924872e-05,8.653161e-05,3.9270362e-06,0.0001645612,7.09172e-05,0.00020062445,4.6657104e-05,9.019653e-05,0.0003784407,0.00010393573,0.00020409434,0.0002962541,0.00045919843,0.0003654844,8.358396e-05,0.000193938,0.0005764432,0.00034507253,0.00033942444,0.000350841,0.0001314183,0.000230573,3.6441757e-05,4.971714e-05
bid_distance_8_bps,9.069486e-06,4.7141144e-05,4.5178116e-05,6.842796e-05,3.2622167e-05,4.203164e-05,2.9619065e-05,3.3543678e-05,7.4402255e-05,2.9939072e-05,0.0001148367,1.9054965e-05,2.4207866e-05,3.3788805e-05,0.00014480487,0.000105932726,7.7179364e-05,2.6418087e-05,3.0246812e-05,3.298571e-05,7.804363e-05,0.000104261606,5.3357333e-05,3.2017215e-05,1.3763479e-05,6.474928e-05,5.348751e-05,3.9597828e-05,1.1535362e-05,3.6712674e-05,6.281113e-05,2.380442e-05,2.7807911e-05,0.00017158888,0.00017411838,8.35106e-05,1.340611e-05,0.0,0.00028437452,0.0005867996,8.4620464e-05,0.0019124489,6.0600807e-05,2.5348969e-05,2.4008767e-05,2.7369615e-05,1.373023e-05,0.00014445538,7.832997e-06,0.00013357888,9.711891e-05,1.3479065e-05,2.2978194e-05,4.891773e-05,1.8431294e-05,8.979533e-06,6.794591e-06,5.9826175e-06,7.2988837e-06,7.7825134e-05,4.5642405e-06,6.0445866e-05,1.2208255e-05,4.064366e-05,0.000111904104,8.877137e-06,6.124405e-05,4.1569758e-05,4.5874447e-05,8.616356e-05,4.63737e-05,2.202742e-05,0.00012665578,0.00023040181,9.596489e-05,0.00016844561,3.9260314e-05,0.00015621775,3.9791627e-07,1.7879145e-05
spread_change_lag_1,4.805271e-05,3.8234073e-05,7.1273e-05,8.820626e-05,0.00015419717,2.4673303e-05,9.681684e-05,4.6947385e-05,0.0003824025,7.206519e-05,0.00016419901,8.970343e-05,9.061591e-05,9.990802e-05,0.00028734974,0.00023739491,0.00011866248,0.00012974869,6.097589e-05,0.00010068412,0.00018293537,0.00016713655,9.496994e-05,5.863793e-05,4.3735887e-05,0.0003721802,0.00029231867,8.270908e-05,4.9459573e-05,6.5987195e-05,0.00011963074,6.400799e-05,4.672061e-05,0.00061698287,0.00051427673,0.00021177059,4.3985277e-05,1.9905299e-06,0.0003860993,0.0013224538,0.00019093641,6.0600807e-05,0.007453892,9.8772e-05,0.00015334925,4.0789557e-05,8.834793e-05,0.0005233375,9.296407e-05,0.000119568635,0.00014774167,9.352773e-05,6.5821456e-05,0.000104777006,4.998919e-05,4.740387e-05,1.5431417e-05,3.5118206e-05,1.5801188e-05,0.0003740843,6.9905494e-05,0.00029156115,2.6050846e-05,7.351825e-05,0.0003867228,4.028255e-05,9.406717e-05,0.00012456243,0.00020784253,0.00018358247,0.0001762177,0.00010670884,0.0006102572,0.0007480303,0.00042848912,0.0008479455,0.00020365797,0.0003765445,1.7648954e-05,3.2530148e-05
spread_change_lag_2,2.18085e-05,4.022917e-05,3.0355848e-05,5.075912e-05,8.131786e-05,1.6377446e-05,1.4901953e-05,4.9829552e-05,6.962814e-05,2.5085985e-05,0.00022008657,2.4926585e-05,4.2802854e-05,5.5173427e-05,0.00014409765,0.00010248363,5.2625717e-05,3.3332606e-05,1.03905695e-05,5.5802066e-05,0.00016343355,0.00010033117,5.37291e-05,1.4053719e-05,1.21172625e-05,0.00031327383,7.5715085e-05,7.188302e-05,1.1353412e-05,3.34e-05,1.96291e-05,5.305331e-05,0.0,0.00031866116,0.00020791306,0.00015875918,5.2316485e-05,1.0067024e-05,0.0002559367,0.00045231322,0.00014802461,2.5348969e-05,9.8772e-05,0.002385293,2.7303062e-05,2.1581332e-05,4.0501145e-05,0.0001893218,7.860592e-05,8.802423e-05,3.5450037e-05,7.962499e-05,4.82618e-05,4.8312926e-05,2.8568953e-05,6.56889e-06,8.820204e-06,1.8527224e-05,1.3716243e-05,9.7692755e-05,1.1606404e-05,9.482579e-05,8.427471e-06,2.8612618e-05,0.00010428289,2.3109737e-05,0.00019065684,4.7567446e-05,9.7342956e-05,0.00011408645,2.6306117e-05,2.2257636e-05,0.00021047035,0.00022579066,0.00016095958,0.0002936864,5.9293212e-05,0.00020023918,7.016839e-06,2.9166044e-05
spread_change_lag_3,4.2689288e-05,3.2580207e-05,1.5536207e-05,4.3918506e-05,4.6780086e-05,2.7554408e-05,6.896944e-05,2.9879679e-05,0.00016501517,4.4757644e-06,0.00012089484,2.5598647e-05,2.7687664e-05,5.5692857e-05,7.5903496e-05,0.00020038424,6.704803e-05,1.9907457e-05,9.135219e-06,3.7339873e-05,5.0720395e-05,5.4199318e-05,2.6533124e-05,2.5599042e-05,2.161281e-05,0.00028375347,9.1836584e-05,4.3088996e-05,1.0658678e-05,2.540952e-05,2.9877234e-05,1.2122767e-05,2.3802893e-05,0.0002460648,0.00024604175,5.248465e-05,2.2769058e-05,0.0,0.00017372974,0.00029414566,0.00014880713,2.4008767e-05,0.00015334925,2.7303062e-05,0.0017131227,6.3659636e-06,0.00011084452,0.00019681247,7.800546e-05,0.000140812,5.179051e-05,5.6648045e-05,3.8921604e-05,3.7149475e-05,3.6159676e-05,4.882745e-05,1.891009e-05,3.734783e-05,6.815738e-06,6.525954e-05,1.2360996e-05,5.1404488e-05,3.2231354e-05,1.1263942e-05,0.00013055035,4.418185e-06,7.140976e-05,4.401246e-05,6.050519e-05,5.97542e-05,1.4286004e-05,4.2831227e-05,0.00012611887,0.00036783644,0.0001549303,0.00022397403,4.405974e-05,0.00015405113,9.485939e-06,6.778385e-06
spread_change_lag_5,1.19759e-05,9.388388e-06,1.6750335e-05,6.4601394e-05,7.60155e-05,1.2380867e-05,3.5538545e-05,3.090831e-05,3.9488106e-05,2.8424884e-05,9.547283e-05,1.3476754e-05,2.3436243e-05,5.715931e-05,9.418507e-05,0.00016939557,9.483936e-05,9.655855e-05,2.6600243e-05,3.1150194e-05,4.535622e-05,5.530642e-05,3.6076068e-05,2.8395441e-05,6.149987e-06,0.00013017074,0.00011858165,6.858543e-05,3.1901433e-05,9.2224145e-06,6.1591585e-05,1.4143482e-05,2.3121911e-05,0.00038132834,0.00019313919,0.00012032301,1.0059823e-05,1.6369946e-05,0.00019028832,0.0006591027,0.00011219337,2.7369615e-05,4.0789557e-05,2.1581332e-05,6.3659636e-06,0.0017945389,2.3408654e-06,5.9949114e-05,3.0410305e-05,7.545243e-05,5.598192e-05,2.7675964e-05,1.8474138e-05,3.3738997e-05,2.7456743e-05,4.5866673e-06,3.1896434e-05,1.5363912e-06,3.1950057e-07,5.4884236e-05,7.0364463e-06,7.249035e-05,3.1034906e-06,1.1099635e-05,8.7399734e-05,2.4924124e-05,9.256202e-05,0.000106966625,9.1639304e-05,9.641603e-05,1.8460645e-05,5.232526e-05,0.000105122905,0.00017364768,9.052711e-05,0.00017366461,2.823541e-05,8.566544e-05,8.700344e-06,1.9641751e-05
spread_mean_300s,2.2664912e-05,2.7073515e-05,2.0360865e-05,3.823863e-05,1.1566276e-05,1.5593021e-05,3.6667723e-05,3.0056819e-05,5.758524e-05,2.5659669e-05,8.755847e-05,3.535001e-05,3.1655352e-05,5.090866e-05,7.61283e-05,0.00011145169,6.513942e-05,2.3192264e-05,4.1655854e-05,2.1182686e-06,5.676839e-05,0.000105555046,2.8615721e-05,3.156357e-05,2.3669323e-05,6.54539e-05,7.9292855e-05,3.838921e-05,1.5147456e-05,4.4136617e-05,6.743211e-05,6.195428e-05,2.537124e-06,0.00036953096,0.00017659279,4.839299e-05,6.318343e-05,0.0,0.00037461444,0.00023670387,0.00011327365,1.373023e-05,8.834793e-05,4.0501145e-05,0.00011084452,2.3408654e-06,0.0014832546,0.0002211741,2.4101093e-05,7.044717e-05,6.684655e-05,3.4960987e-05,4.5643617e-05,3.8769445e-05,1.8289205e-05,2.3611357e-05,8.572878e-06,2.7844424e-05,1.2406049e-05,4.422259e-05,2.0439462e-05,7.6047094e-05,1.0208177e-05,1.673744e-05,4.9802613e-05,1.7587075e-05,8.377126e-05,0.00014337996,6.216837e-05,7.237401e-05,2.4499066e-05,3.09744e-05,0.00016919027,0.00019589245,0.0002142035,0.00029031854,3.3899105e-05,0.00011208841,8.000183e-06,0.0
spread_std_300s,0.00011560472,8.2371385e-05,0.00010921284,0.00022996835,0.00035176022,0.00032564733,0.0004065326,0.0001269102,0.0003750566,0.00012987076,0.0005885337,0.00021184894,0.00027259474,0.00027694134,0.00071187865,0.0008506051,0.0003369222,0.0002015119,0.00010578994,0.00018201297,0.0004128583,0.0003528064,0.00021287074,0.00013632441,0.00013253604,0.00042561893,0.0003990577,7.811817e-05,0.00012056301,0.00012472752,0.00011124483,0.00016911594,9.495879e-05,0.00093261705,0.00085037533,0.0003255105,0.00014852124,2.008579e-05,0.0011856039,0.0014931008,0.00037477963,0.00014445538,0.0005233375,0.0001893218,0.00019681247,5.9949114e-05,0.0002211741,0.025587589,0.00021892186,0.00024798643,0.0003527246,9.450682e-05,0.00025121003,0.00012525711,0.00016381544,5.7742458e-05,4.8466656e-05,0.00011673104,4.5540302e-05,0.00040683162,4.1124724e-05,0.00031504396,5.5247277e-05,0.00012483471,0.0007477968,0.00016700888,0.00020315089,0.00024837052,0.00017082207,0.00020483752,0.00019130729,0.00019010917,0.0019410565,0.0010646761,0.0014052122,0.0011151986,0.00025413986,0.000547003,2.7623164e-05,4.6555568e-05
spread_mean_600s,2.9054296e-05,3.364865e-05,2.903316e-05,4.5465073e-05,5.0261373e-05,1.6308093e-05,3.594125e-05,4.066819e-05,0.000110601875,3.1251897e-05,0.00028893206,2.7476273e-05,5.402012e-05,6.229294e-05,0.00016334782,0.00019269562,5.2193438e-05,3.9419894e-05,2.4085413e-05,2.4189196e-05,8.575805e-05,6.239585e-05,2.6982068e-05,2.5896898e-05,3.4101828e-05,8.052581e-05,0.000111252404,6.1808125e-05,5.1531333e-05,1.4139713e-05,4.7878806e-05,2.52217e-06,1.711296e-05,0.00037936802,0.00017901749,9.148915e-05,1.219954e-05,0.0,0.00027530495,0.00038853186,0.00013147773,7.832997e-06,9.296407e-05,7.860592e-05,7.800546e-05,3.0410305e-05,2.4101093e-05,0.00021892186,0.0019299365,6.4325046e-05,3.0246054e-05,5.215045e-05,8.489156e-05,1.891576e-05,2.2881302e-05,1.256261e-05,3.0110397e-05,2.6469423e-05,3.7422375e-05,5.91241e-05,3.508446e-05,9.0331094e-05,2.0833962e-05,1.9811761e-05,0.00013029037,8.975702e-06,4.105212e-05,7.1894414e-05,6.421201e-05,6.978866e-05,5.127644e-05,3.6552956e-05,0.0002080515,0.00033096745,0.00016868905,0.00026539553,5.3055133e-05,8.291359e-05,1.783625e-05,8.418382e-06
spread_std_600s,4.2107527e-05,8.396362e-05,4.40605e-05,5.4260145e-05,4.986331e-05,1.2573061e-05,9.6164644e-05,0.00016238236,0.000105332874,3.13841e-05,0.00019321221,6.9503345e-05,8.046725e-05,0.00011839027,0.00028003327,0.00032175015,8.4872394e-05,7.3401985e-05,3.2490956e-05,9.88619e-05,0.00010699281,0.00014677965,9.538228e-05,3.1668886e-05,4.7762274e-05,0.00013495568,0.00011668034,7.7000164e-05,2.7656823e-05,4.2097116e-05,3.045474e-05,8.217533e-05,1.1975518e-05,0.00058697484,0.00021729323,0.00013263596,3.0604384e-05,1.1823327e-05,0.0003785738,0.00038797286,0.00013667643,0.00013357888,0.000119568635,8.802423e-05,0.000140812,7.545243e-05,7.044717e-05,0.00024798643,6.4325046e-05,0.007156187,8.229217e-05,7.092462e-05,9.86878e-05,5.78451e-05,0.00012244623,4.0829622e-05,2.2372147e-05,1.2782667e-05,7.749213e-06,0.0007431275,1.7541463e-05,0.00011728932,3.143471e-05,4.2953234e-05,0.00016410803,7.988668e-06,0.00011640237,0.00013855516,8.956685e-05,0.00023993044,0.00011010995,6.1878105e-05,0.00033781116,0.002205192,0.0009320657,0.0003059029,9.6745134e-05,0.0004265603,6.34465e-06,1.9905816e-05
obi5_change_lag_1,2.2898039e-05,2.6978645e-05,3.5297988e-05,5.9544753e-05,8.882916e-05,4.2422053e-05,9.88465e-05,3.3240543e-05,0.00012760203,5.2516603e-05,0.00014120582,5.1625975e-05,4.0136925e-05,7.921867e-05,0.00018432547,0.00013926576,6.463453e-05,9.596432e-05,2.657884e-05,2.7627433e-05,0.00018222259,0.00010965419,6.95479e-05,2.4653922e-05,2.5236644e-05,0.00013166589,8.409922e-05,5.9710695e-05,3.389726e-05,2.2096063e-05,7.749541e-05,2.507669e-05,1.65282e-05,0.0003833919,0.00021661431,0.0001135921,3.4393895e-05,7.70862e-06,0.00020931568,0.0003939058,0.00012795563,9.711891e-05,0.00014774167,3.5450037e-05,5.179051e-05,5.598192e-05,6.684655e-05,0.0003527246,3.0246054e-05,8.229217e-05,0.0024896525,4.681672e-05,5.6532044e-05,7.519346e-05,1.787408e-05,3.220924e-05,2.3072216e-05,3.0317206e-05,2.0183013e-05,7.430889e-05,5.5890073e-06,0.0001317909,1.1355903e-05,3.186651e-05,0.00014055533,5.3305066e-05,0.00012282231,0.0001106387,0.0001264954,0.00014580114,3.7728438e-05,6.937385e-05,0.00029342607,0.00017695161,0.0001992197,0.00020253916,3.6016296e-05,0.00012555839,1.225644e-05,5.550812e-05
obi5_change_lag_2,3.0155808e-05,6.526501e-05,3.0190353e-05,8.2450235e-05,6.2821404e-05,2.4433255e-05,3.1392123e-05,2.7037477e-05,7.0988564e-05,3.9104598e-05,0.00020188784,4.1702315e-05,5.1524738e-05,0.00013669532,0.00011534719,0.00023395209,3.989595e-05,4.74162e-05,4.5267305e-05,2.844473e-05,0.00010583053,8.256352e-05,4.923947e-05,3.0278106e-05,3.9625953e-05,0.00020267794,6.190456e-05,4.740954e-05,3.9620038e-05,2.8298102e-05,2.8265898e-05,1.0806963e-05,3.6366226e-05,0.0002783099,0.00020586225,9.596209e-05,1.971288e-05,4.635928e-06,0.00023365428,0.000514293,0.000115805655,1.3479065e-05,9.352773e-05,7.962499e-05,5.6648045e-05,2.7675964e-05,3.4960987e-05,9.450682e-05,5.215045e-05,7.092462e-05,4.681672e-05,0.0028249072,2.416756e-06,4.1351996e-05,2.2619553e-05,2.8415121e-05,2.4417783e-05,3.8895803e-05,2.3229435e-05,0.00010010617,3.4682005e-06,4.498521e-05,3.866529e-06,2.103615e-05,0.00016609233,2.7642243e-06,7.683294e-05,0.00012108359,7.919746e-05,9.378375e-05,4.3586275e-05,3.244703e-05,0.00016182956,0.00020397102,0.00015493347,0.00014517496,9.676541e-05,0.00011392167,1.0633587e-05,1.9009819e-06
obi5_change_lag_3,1.3637813e-05,2.48481e-05,4.6362205e-05,2.9049057e-05,8.94743e-05,2.8276423e-05,6.633608e-05,7.928927e-06,7.935099e-05,1.6058777e-05,0.0003105034,2.5223958e-06,6.171858e-05,6.2956475e-05,0.00011358351,0.00011693127,3.16189e-05,3.259821e-05,7.691818e-06,2.207255e-05,4.5772726e-05,5.096321e-05,0.00010187592,4.12355e-05,2.5036928e-05,7.497618e-05,4.9983766e-05,2.8112774e-05,1.866264e-05,4.0779716e-05,5.684525e-05,2.0022972e-05,0.0,0.00020904795,0.000145767,0.00011989708,3.0013147e-05,7.3656037e-07,0.00014085406,0.0002391085,0.000107108484,2.2978194e-05,6.5821456e-05,4.82618e-05,3.8921604e-05,1.8474138e-05,4.5643617e-05,0.00025121003,8.489156e-05,9.86878e-05,5.6532044e-05,2.416756e-06,0.0014365943,4.601619e-05,1.3770188e-05,3.092241e-05,2.4481988e-05,2.45405e-05,1.7899947e-05,3.5680452e-05,8.846241e-06,3.8637565e-05,3.1184732e-06,2.2920298e-05,8.7542474e-05,3.7477974e-05,3.797782e-05,8.2524355e-05,7.1637565e-05,2.5200146e-05,2.0479138e-05,4.6178728e-05,0.00011623071,0.0001363058,0.00010673845,0.00017867141,3.9664603e-05,9.191472e-05,1.5141244e-06,2.0362877e-05
obi5_change_lag_5,3.8024096e-05,2.8426637e-05,4.2819618e-05,5.4180993e-05,0.00014777288,2.4925872e-05,1.8624434e-05,4.4964752e-05,0.0001101989,2.7500662e-05,0.00017176145,3.4902845e-05,6.944553e-05,8.9328576e-05,0.00018473514,0.00015608115,8.374685e-05,3.232268e-05,2.1941409e-05,3.8449445e-05,9.816446e-05,0.00012373271,9.383938e-05,6.288491e-05,2.9086563e-05,0.00018150022,9.9470424e-05,7.072635e-05,6.461446e-05,1.6048516e-05,5.3417145e-05,3.023288e-05,4.1103285e-05,0.0003070895,0.00027751044,0.000114812574,4.5916124e-05,0.0,0.00021749832,0.0009330237,0.00013415425,4.891773e-05,0.000104777006,4.8312926e-05,3.7149475e-05,3.3738997e-05,3.8769445e-05,0.00012525711,1.891576e-05,5.78451e-05,7.519346e-05,4.1351996e-05,4.601619e-05,0.0037300552,3.6567362e-05,1.7308605e-05,3.1225973e-05,2.9494926e-05,3.221383e-06,7.254064e-05,7.5294306e-06,9.482275e-05,8.340846e-06,7.7710814e-05,0.00022522475,6.245594e-05,4.1630366e-05,0.00015767802,8.6272936e-05,0.000110827765,3.6083107e-05,1.7364542e-05,0.000121831414,0.00016609413,0.00010949646,0.00021099138,6.246902e-05,0.00016909675,1.9197554e-05,2.1994405e-05
microprice_edge_change_lag_1,3.9479433e-05,6.423788e-05,2.0167421e-05,2.513359e-05,5.3054988e-05,4.194954e-05,4.271866e-05,1.4890308e-05,6.5339605e-05,1.7103483e-05,0.00012318985,3.0211702e-05,2.0610127e-05,6.9464804e-05,0.000111840935,0.00010495478,4.8930502e-05,0.000102207334,2.9297049e-05,7.704723e-05,4.9962655e-05,6.076366e-05,3.0490855e-05,4.3558503e-06,3.9996758e-06,0.00016086533,0.00011844977,4.485965e-05,1.0902058e-05,2.7160304e-05,6.028565e-05,2.6560965e-05,1.2579115e-05,0.00036816823,0.00019247226,0.00012652397,3.1522777e-05,2.4979595e-06,0.00018344435,0.0002307595,7.389537e-05,1.8431294e-05,4.998919e-05,2.8568953e-05,3.6159676e-05,2.7456743e-05,1.8289205e-05,0.00016381544,2.2881302e-05,0.00012244623,1.787408e-05,2.2619553e-05,1.3770188e-05,3.6567362e-05,0.0019578931,1.4781802e-05,1.8089037e-05,1.8365297e-05,5.8715646e-06,7.734798e-05,9.092622e-06,7.089236e-05,5.7170855e-06,4.2544147e-05,0.00012246154,2.0322936e-05,3.0646996e-05,6.418871e-05,6.452452e-05,7.392533e-05,3.1565196e-05,2.5083149e-05,0.00013722043,0.00031533348,0.0003505398,0.00023236692,2.7032358e-05,7.973641e-05,2.7113389e-05,1.1203373e-05
microprice_edge_change_lag_2,8.359414e-06,2.5803187e-05,1.4600894e-05,2.3047241e-05,6.2349456e-05,1.8417097e-05,2.8693988e-05,2.0915402e-05,4.6588902e-05,1.2961189e-05,4.8669273e-05,3.5181263e-05,1.5523456e-05,0.00010204739,5.4877873e-05,8.972164e-05,2.5871333e-05,3.7979284e-05,1.8582166e-05,2.161821e-05,4.8567126e-05,8.3732244e-05,3.1481482e-05,1.3349975e-05,1.2526282e-05,7.820686e-05,5.0489893e-05,3.297003e-05,1.4484055e-05,1.1725437e-05,3.0904564e-05,4.073206e-06,2.9752331e-05,0.00017924303,0.00020771952,6.5982604e-05,1.3160988e-05,0.0,0.00013300689,0.000114984075,8.217566e-05,8.979533e-06,4.740387e-05,6.56889e-06,4.882745e-05,4.5866673e-06,2.3611357e-05,5.7742458e-05,1.256261e-05,4.0829622e-05,3.220924e-05,2.8415121e-05,3.092241e-05,1.7308605e-05,1.4781802e-05,0.0010879099,6.96677e-06,6.55307e-06,2.2982329e-06,2.9545623e-05,1.1429327e-05,0.00010046586,1.6905586e-05,2.0873802e-05,9.7911594e-05,6.1305273e-06,6.472994e-05,5.2527794e-05,6.605207e-05,4.6325913e-05,1.907033e-05,1.8024115e-05,9.184429e-05,0.00012223261,7.446991e-05,0.00014322693,2.4986955e-05,4.8954866e-05,2.42171e-06,3.5485414e-06
microprice_edge_change_lag_3,1.7412456e-05,1.037363e-05,2.8178612e-05,3.7106478e-05,2.4398913e-05,4.636262e-05,1.3676935e-05,1.3228682e-06,3.5279845e-05,1.5787355e-05,8.453752e-05,2.3634899e-05,1.5282983e-05,6.8694586e-05,6.911052e-05,0.00011977654,2.525848e-05,3.34681e-05,4.7830076e-06,2.1789356e-06,3.7168218e-05,1.4878368e-05,5.05773e-05,1.5086912e-05,1.8880934e-05,0.00015047123,7.725517e-05,4.557179e-05,1.43323705e-05,6.7073734e-06,1.3292373e-05,7.1638933e-06,0.0,0.00016040767,0.00012644137,4.8574508e-05,1.8197197e-05,4.183482e-06,0.00017264449,0.00017700384,7.924872e-05,6.794591e-06,1.5431417e-05,8.820204e-06,1.891009e-05,3.1896434e-05,8.572878e-06,4.8466656e-05,3.0110397e-05,2.2372147e-05,2.3072216e-05,2.4417783e-05,2.4481988e-05,3.1225973e-05,1.8089037e-05,6.96677e-06,0.0007721188,2.0081587e-05,8.569751e-06,5.3584266e-05,1.1899115e-05,2.9256982e-05,9.391708e-06,8.710825e-06,5.1570485e-05,2.4047247e-05,7.6340206e-05,3.0224366e-05,3.563455e-05,2.3255241e-05,2.464399e-05,4.1842788e-05,8.4431646e-05,0.00010427446,6.0922295e-05,0.00015141937,2.6368061e-05,7.740581e-05,3.371983e-05,9.960941e-06
microprice_edge_change_lag_5,2.620034e-05,3.0070561e-05,1.794098e-05,4.6029425e-05,7.840734e-05,3.7700152e-05,2.1509873e-05,2.4232875e-05,7.0702794e-05,2.990856e-05,0.000118367236,2.3012517e-05,4.3268094e-05,4.4002736e-05,0.0001034446,9.632075e-05,2.5867274e-05,1.9769128e-05,2.8913588e-05,2.2370017e-05,9.1804366e-05,6.0745548e-05,5.6320016e-05,1.589633e-05,3.3359618e-05,0.0001156465,6.446174e-05,4.4202934e-05,2.9701795e-07,3.1534353e-05,4.3966164e-05,3.2976583e-05,2.396481e-05,0.00018976742,0.00012365909,6.883454e-05,2.5335374e-05,0.0,0.00013550962,0.00021696337,8.653161e-05,5.9826175e-06,3.5118206e-05,1.8527224e-05,3.734783e-05,1.5363912e-06,2.7844424e-05,0.00011673104,2.6469423e-05,1.2782667e-05,3.0317206e-05,3.8895803e-05,2.45405e-05,2.9494926e-05,1.8365297e-05,6.55307e-06,2.0081587e-05,0.00093406986,1.1299139e-05,2.6345395e-05,2.541772e-06,2.8800845e-05,2.0426665e-05,9.252274e-06,0.00010674684,2.2904043e-05,5.507731e-05,6.406563e-05,4.7817186e-05,4.2429736e-05,5.5879914e-06,4.817859e-05,0.00010443772,9.3632014e-05,0.000121868376,0.00013565364,2.1583106e-05,4.7972004e-05,2.6076486e-06,1.4211911e-05
obi5_mean_300s,2.154383e-06,4.5146797e-05,9.041664e-06,2.3877332e-05,3.8575574e-05,1.9355675e-05,4.491188e-05,1.2027162e-05,4.0974883e-05,2.2916021e-05,7.3201925e-05,3.2675023e-05,7.41986e-06,1.5446632e-05,7.405449e-05,7.674151e-05,2.4425974e-05,1.0409341e-05,4.8910624e-05,2.7888991e-05,5.11073e-05,9.831574e-06,2.8492212e-05,2.6340846e-05,8.26557e-06,9.280691e-05,2.5951227e-05,7.163366e-06,6.2797053e-06,1.732117e-05,1.1117995e-05,2.748396e-06,2.0805337e-05,0.00021468924,0.00024649777,3.458284e-05,2.182049e-06,2.4558406e-06,0.00010137879,0.00012439766,3.9270362e-06,7.2988837e-06,1.5801188e-05,1.3716243e-05,6.815738e-06,3.1950057e-07,1.2406049e-05,4.5540302e-05,3.7422375e-05,7.749213e-06,2.0183013e-05,2.3229435e-05,1.7899947e-05,3.221383e-06,5.8715646e-06,2.2982329e-06,8.569751e-06,1.1299139e-05,0.0007301497,3.136273e-05,0.0,1.7275808e-05,2.2447206e-05,1.580708e-06,9.191964e-05,6.288801e-05,2.9022063e-05,3.0521784e-05,4.3001837e-05,1.4868222e-05,1.2673253e-05,2.982339e-05,6.0210165e-05,7.1399154e-05,4.4797787e-05,7.4937576e-05,2.712966e-05,3.8542898e-05,4.5833126e-06,4.195142e-06
obi5_std_300s,3.045317e-05,4.4356897e-05,6.494185e-05,0.00010576316,0.0001968222,6.41735e-05,6.75248e-05,0.00020952606,0.0001572309,0.00015011545,0.00018747602,5.629618e-05,0.00012871168,0.00026770847,0.00034483802,0.00020477944,0.0001273963,7.181259e-05,3.5656416e-05,5.3384985e-05,0.00013438523,0.00013192084,0.000102434984,5.2703173e-05,5.283609e-05,0.00018523159,0.000158994,7.224818e-05,4.4493987e-05,6.3213236e-05,1.9778483e-05,4.3849497e-05,6.213658e-05,0.00055967254,0.0003274145,0.00012516335,7.364523e-05,3.7722634e-06,0.00030325542,0.00042732136,0.0001645612,7.7825134e-05,0.0003740843,9.7692755e-05,6.525954e-05,5.4884236e-05,4.422259e-05,0.00040683162,5.91241e-05,0.0007431275,7.430889e-05,0.00010010617,3.5680452e-05,7.254064e-05,7.734798e-05,2.9545623e-05,5.3584266e-05,2.6345395e-05,3.136273e-05,0.006197246,1.490006e-05,8.561047e-05,4.62251e-05,5.3127224e-05,0.00032946724,1.5619127e-05,0.000101572354,6.701821e-05,0.00011535171,0.0001797326,8.362931e-05,0.00010173556,0.00029786304,0.0007355354,0.00054540543,0.0008678687,0.00013019741,0.00017694676,1.0087457e-05,3.4187728e-05
obi5_mean_600s,1.2158018e-05,6.6166344e-06,5.2625023e-06,2.2950004e-05,7.648143e-05,1.9153882e-05,1.0126978e-05,6.3540997e-06,2.991895e-05,2.0887388e-05,8.767011e-05,1.0460684e-05,1.5117972e-05,2.8994746e-05,3.1786596e-05,5.0132563e-05,1.332771e-05,2.715541e-05,1.0811371e-05,1.928367e-05,2.5461834e-05,6.664358e-05,8.4109515e-06,1.3610664e-05,4.4879434e-06,3.5104593e-05,3.0451809e-05,8.477078e-05,2.8856966e-05,1.7928534e-06,1.2863004e-05,2.8919594e-05,3.172335e-05,0.00014052282,6.1663195e-05,1.609313e-05,2.7003596e-06,0.0,0.0001006429,0.00017839935,7.09172e-05,4.5642405e-06,6.9905494e-05,1.1606404e-05,1.2360996e-05,7.0364463e-06,2.0439462e-05,4.1124724e-05,3.508446e-05,1.7541463e-05,5.5890073e-06,3.4682005e-06,8.846241e-06,7.5294306e-06,9.092622e-06,1.1429327e-05,1.1899115e-05,2.541772e-06,0.0,1.490006e-05,0.0005629423,2.7236147e-05,8.4872845e-06,4.2639595e-06,8.838528e-05,3.3450083e-06,3.7313694e-05,1.84712e-05,5.3787113e-05,3.589499e-05,8.928819e-06,1.8539786e-05,7.4880794e-05,4.9760267e-05,6.752869e-05,0.00011963868,2.9125773e-05,5.826863e-05,1.9922725e-06,0.0
obi5_std_600s,4.1027142e-05,4.558793e-05,7.478879e-05,7.0328635e-05,0.0002364244,3.1534157e-05,0.00012250256,9.758468e-05,0.00019002632,7.425083e-05,0.0004205959,0.00010477643,0.00012456614,0.00018409373,0.00028059652,0.00032197507,0.00020076765,4.1969248e-05,7.569884e-05,6.85842e-05,0.00039107454,0.0005177996,8.071379e-05,3.90505e-05,6.64862e-05,0.00016696825,0.00016696508,7.046716e-05,5.3637938e-05,0.00017803999,0.00012542203,5.8546335e-05,6.4016655e-05,0.00050423,0.00034083502,0.000113922746,3.5338915e-05,3.860296e-05,0.00035039242,0.0005081988,0.00020062445,6.0445866e-05,0.00029156115,9.482579e-05,5.1404488e-05,7.249035e-05,7.6047094e-05,0.00031504396,9.0331094e-05,0.00011728932,0.0001317909,4.498521e-05,3.8637565e-05,9.482275e-05,7.089236e-05,0.00010046586,2.9256982e-05,2.8800845e-05,1.7275808e-05,8.561047e-05,2.7236147e-05,0.007905969,4.8742164e-05,3.931796e-05,0.00029568802,2.5391566e-05,0.00013387267,0.00022980467,0.00012162213,0.0002064663,4.844543e-05,0.00010199719,0.001061957,0.00063445995,0.0004440512,0.00038900963,0.00014314824,0.0003232041,2.9357712e-05,2.8711444e-05
weighted_obi_mean_300s,9.883633e-06,1.4278692e-05,1.0880267e-05,2.3078974e-05,9.435275e-06,0.0,4.890833e-06,2.545598e-06,6.798522e-05,2.2028371e-05,9.0949776e-05,3.5032157e-05,2.528769e-05,1.7380593e-05,5.529926e-05,4.200879e-05,5.5253346e-05,4.679889e-06,2.7621452e-05,4.250753e-05,1.1496896e-05,6.4930115e-05,4.486533e-05,2.046298e-05,1.3771022e-05,5.6696208e-05,4.5318728e-05,4.7636506e-05,4.7829467e-06,1.8398556e-05,5.493488e-05,6.8191393e-06,1.6423119e-06,0.000107657055,0.00015056807,7.172303e-05,1.1049183e-05,0.0,0.00012472902,0.00014108219,4.6657104e-05,1.2208255e-05,2.6050846e-05,8.427471e-06,3.2231354e-05,3.1034906e-06,1.0208177e-05,5.5247277e-05,2.0833962e-05,3.143471e-05,1.1355903e-05,3.866529e-06,3.1184732e-06,8.340846e-06,5.7170855e-06,1.6905586e-05,9.391708e-06,2.0426665e-05,2.2447206e-05,4.62251e-05,8.4872845e-06,4.8742164e-05,0.00073399185,1.565903e-06,8.2074475e-05,1.7187615e-05,1.467748e-05,6.41274e-05,3.890587e-05,2.2871867e-05,2.2395834e-06,1.5215985e-05,0.00012688604,7.572021e-05,6.474698e-05,8.3713225e-05,4.506941e-05,5.6705187e-05,3.1457307e-06,5.6305694e-06
microprice_edge_mean_300s,4.783051e-06,5.783876e-05,2.7931848e-05,5.080407e-05,2.3321478e-05,1.17759955e-05,2.9610592e-05,3.211747e-05,0.0001289058,3.9730123e-05,0.0001284849,1.8297036e-05,1.551121e-05,4.8850547e-05,6.9954054e-05,0.0001564134,5.6032623e-05,4.7887006e-05,3.4976038e-05,4.261907e-05,5.633039e-05,3.4242654e-05,4.145993e-05,1.00661155e-05,1.4922764e-05,0.00011423403,5.08118e-05,4.556036e-05,5.2136356e-06,2.6539648e-05,1.4888061e-05,3.3378467e-06,1.942169e-05,0.00024698925,0.00013984722,6.281513e-05,3.0801824e-05,0.0,0.00018508715,0.00025920986,9.019653e-05,4.064366e-05,7.351825e-05,2.8612618e-05,1.1263942e-05,1.1099635e-05,1.673744e-05,0.00012483471,1.9811761e-05,4.2953234e-05,3.186651e-05,2.103615e-05,2.2920298e-05,7.7710814e-05,4.2544147e-05,2.0873802e-05,8.710825e-06,9.252274e-06,1.580708e-06,5.3127224e-05,4.2639595e-06,3.931796e-05,1.565903e-06,0.001125151,9.6608506e-05,1.7069211e-05,0.000121259975,4.1529845e-05,7.42392e-05,7.8034536e-05,2.9663664e-05,3.6620986e-05,0.00016495846,0.00015698791,9.9924175e-05,0.00014154962,2.1271178e-05,9.521078e-05,1.8761291e-05,1.1107241e-05
snapshot_ofi_proxy_l1,0.00016734595,6.488611e-05,0.00010216839,0.00024092352,0.0005790447,0.00013597388,0.00024890582,0.00011758075,0.000409686,0.0001579474,0.000954995,0.00013093273,0.00019874841,0.00027472957,0.00048776655,0.00039187956,0.00018003579,0.00012056311,0.00015197818,0.00015402574,0.00022363031,0.00025132077,0.00016158292,0.000113987786,0.00011960775,0.00057916134,0.00047648768,0.00015558129,0.000117186515,0.000100554986,0.00021283323,7.9826e-05,5.655352e-05,0.0012883594,0.0010085665,0.00027412287,9.196822e-05,4.8081138e-06,0.00060203084,0.0011423823,0.0003784407,0.000111904104,0.0003867228,0.00010428289,0.00013055035,8.7399734e-05,4.9802613e-05,0.0007477968,0.00013029037,0.00016410803,0.00014055533,0.00016609233,8.7542474e-05,0.00022522475,0.00012246154,9.7911594e-05,5.1570485e-05,0.00010674684,9.191964e-05,0.00032946724,8.838528e-05,0.00029568802,8.2074475e-05,9.6608506e-05,0.015667127,0.0,0.00020451969,0.00022944801,0.00021933987,0.00027298764,0.0001346685,0.00012253206,0.0004130668,0.00042658765,0.0003967645,0.00029171872,0.00018817454,0.00030773575,2.416286e-05,6.343017e-05
weighted_snapshot_ofi_proxy,9.79354e-06,6.1605765e-06,2.5282097e-05,4.9827864e-05,0.00021499416,6.8052286e-06,7.1601484e-05,1.4463909e-05,3.9106977e-05,3.1796757e-05,0.00019669588,3.390538e-05,3.327128e-05,0.00012762762,9.818982e-05,6.683691e-05,7.148358e-05,4.858863e-05,2.5278288e-05,2.001739e-05,5.7628484e-05,0.00010871761,1.772014e-05,7.263357e-05,0.0,0.000102751095,6.522126e-05,5.164729e-05,2.5033925e-05,1.9868121e-05,8.389743e-05,5.5630873e-05,4.3835855e-05,0.00029142585,0.00032744283,0.00011365202,8.637544e-06,1.713329e-06,7.0660106e-05,0.00022603298,0.00010393573,8.877137e-06,4.028255e-05,2.3109737e-05,4.418185e-06,2.4924124e-05,1.7587075e-05,0.00016700888,8.975702e-06,7.988668e-06,5.3305066e-05,2.7642243e-06,3.7477974e-05,6.245594e-05,2.0322936e-05,6.1305273e-06,2.4047247e-05,2.2904043e-05,6.288801e-05,1.5619127e-05,3.3450083e-06,2.5391566e-05,1.7187615e-05,1.7069211e-05,0.0,0.0021805267,5.3793196e-05,7.657703e-05,5.1045587e-05,6.694505e-05,3.320271e-05,3.248304e-05,0.00013913354,7.175813e-05,4.1826075e-05,4.275525e-05,2.1462649e-05,6.846047e-05,4.5457496e-06,3.5272697e-05
snapshot_ofi_proxy_300s,6.219874e-05,0.00020363418,3.8350066e-05,0.000117814976,0.0002004049,4.161089e-05,0.00012390436,0.00014986904,0.000186322,5.323081e-05,0.0002448392,2.7830323e-05,4.635267e-05,0.00013183185,0.00024402986,0.0005572137,0.00015993355,0.00029642083,0.00020169729,6.654382e-05,0.00014774308,0.0001340619,0.0001408035,5.0843235e-05,0.00010586111,0.0005683344,0.00015026216,0.0002825096,0.0001046287,0.00016483056,0.000117179465,0.00012430755,4.3864926e-05,0.00062565773,0.00063094654,0.00037152262,0.00010674319,1.8705199e-06,0.0005230326,0.0010808832,0.00020409434,6.124405e-05,9.406717e-05,0.00019065684,7.140976e-05,9.256202e-05,8.377126e-05,0.00020315089,4.105212e-05,0.00011640237,0.00012282231,7.683294e-05,3.797782e-05,4.1630366e-05,3.0646996e-05,6.472994e-05,7.6340206e-05,5.507731e-05,2.9022063e-05,0.000101572354,3.7313694e-05,0.00013387267,1.467748e-05,0.000121259975,0.00020451969,5.3793196e-05,0.009320734,0.00016072347,0.00012076924,0.00011300067,7.743388e-05,0.00016089984,0.00023037,0.0001349544,0.00014390229,0.00021751893,6.572913e-05,0.000393153,9.085812e-05,1.7811555e-05
snapshot_ofi_proxy_600s,8.7978304e-05,9.087215e-05,0.000111962945,0.00011207963,0.00047147973,8.1605656e-05,8.1655744e-05,5.057918e-05,0.00016718882,8.100385e-05,0.00026131066,0.00010293988,6.9455054e-05,0.00017878995,0.00034398996,0.00052724517,0.00022288125,6.429009e-05,0.00046037565,0.00015806584,0.00013565665,0.00024187833,0.0001429724,7.041963e-05,9.215368e-05,0.0005068532,0.0004571053,0.00015628636,9.5481424e-05,0.00011375153,0.00015431289,0.00012029269,3.7402348e-05,0.00090580457,0.0010100763,0.000628704,9.8706616e-05,6.3914663e-06,0.0005872479,0.001274402,0.0002962541,4.1569758e-05,0.00012456243,4.7567446e-05,4.401246e-05,0.000106966625,0.00014337996,0.00024837052,7.1894414e-05,0.00013855516,0.0001106387,0.00012108359,8.2524355e-05,0.00015767802,6.418871e-05,5.2527794e-05,3.0224366e-05,6.406563e-05,3.0521784e-05,6.701821e-05,1.84712e-05,0.00022980467,6.41274e-05,4.1529845e-05,0.00022944801,7.657703e-05,0.00016072347,0.010664711,0.00023355063,0.00017068966,6.280914e-05,0.00013156596,0.00030135186,0.00020643735,0.00014554532,0.00027557372,0.00013093415,0.0002114973,8.355409e-05,7.5512808e-06
normalized_snapshot_ofi_300s,3.7015772e-05,9.570743e-05,6.7510206e-05,8.69364e-05,0.00022933427,2.5895206e-05,0.0001895202,0.00015792654,0.00017824901,8.322247e-05,0.00029071452,8.689982e-05,9.783135e-05,0.00013674932,0.0003879604,0.0005381964,0.00012300623,0.00010301312,3.89025e-05,0.00013746395,0.00027735948,0.00018013203,9.45558e-05,0.00013013736,0.00013834861,0.00029852282,0.00021906247,0.0002092217,9.404987e-05,0.00012338518,0.00016340312,0.000115043345,3.330863e-05,0.0010757184,0.0005740485,0.0002004959,8.3564984e-05,2.3548477e-05,0.00078772305,0.0018159393,0.00045919843,4.5874447e-05,0.00020784253,9.7342956e-05,6.050519e-05,9.1639304e-05,6.216837e-05,0.00017082207,6.421201e-05,8.956685e-05,0.0001264954,7.919746e-05,7.1637565e-05,8.6272936e-05,6.452452e-05,6.605207e-05,3.563455e-05,4.7817186e-05,4.3001837e-05,0.00011535171,5.3787113e-05,0.00012162213,3.890587e-05,7.42392e-05,0.00021933987,5.1045587e-05,0.00012076924,0.00023355063,0.009560802,8.573815e-05,0.00010992227,0.00014973305,0.00032488976,0.00032103958,0.00018957147,0.00023528343,0.00012807047,0.00018570943,0.0001183543,2.0218984e-05
normalized_snapshot_ofi_600s,4.2529355e-05,8.668019e-05,6.405929e-05,0.00011855204,0.00039272627,6.0049177e-05,0.00015481254,5.601912e-05,0.0002928529,5.1054245e-05,0.0005445115,5.896543e-05,7.332004e-05,0.0001054214,0.0003953994,0.00016666121,6.4165564e-05,7.454997e-05,6.282923e-05,0.0001226478,0.00025173562,0.0005881596,0.00013695846,6.5663e-05,5.7579204e-05,0.00050277176,0.00025412563,0.00014109844,5.024928e-05,0.0001188969,8.6981236e-05,5.1925403e-05,7.6660865e-05,0.00072166324,0.00040441804,0.00024150917,7.99114e-05,0.0,0.00045756972,0.0008082087,0.0003654844,8.616356e-05,0.00018358247,0.00011408645,5.97542e-05,9.641603e-05,7.237401e-05,0.00020483752,6.978866e-05,0.00023993044,0.00014580114,9.378375e-05,2.5200146e-05,0.000110827765,7.392533e-05,4.6325913e-05,2.3255241e-05,4.2429736e-05,1.4868222e-05,0.0001797326,3.589499e-05,0.0002064663,2.2871867e-05,7.8034536e-05,0.00027298764,6.694505e-05,0.00011300067,0.00017068966,8.573815e-05,0.008507484,0.00012437715,8.969594e-05,0.00025134298,0.00035403704,0.0003263066,0.00025891606,0.00012900945,0.00018089911,3.171538e-05,9.090645e-06
bid_depth_change_lag_1,3.14294e-05,1.9788236e-05,3.8481235e-06,3.2151293e-05,8.169065e-05,1.54693e-05,3.2478e-05,2.5927506e-05,9.7690034e-05,2.4128876e-05,0.00019373564,1.891155e-05,4.152824e-05,0.0001010512,0.00015867484,0.00012420728,8.157704e-05,5.399592e-05,3.2215365e-05,3.1450072e-05,0.00010067032,9.058726e-05,4.327631e-05,1.2406339e-05,1.9790838e-05,0.00012252474,6.462255e-05,1.9144925e-05,4.052839e-05,2.3899505e-05,7.9334495e-05,9.0883805e-06,4.045485e-06,0.00037094066,0.00020260931,7.416482e-05,1.3231762e-05,0.0,0.00026959417,0.00029823143,8.358396e-05,4.63737e-05,0.0001762177,2.6306117e-05,1.4286004e-05,1.8460645e-05,2.4499066e-05,0.00019130729,5.127644e-05,0.00011010995,3.7728438e-05,4.3586275e-05,2.0479138e-05,3.6083107e-05,3.1565196e-05,1.907033e-05,2.464399e-05,5.5879914e-06,1.2673253e-05,8.362931e-05,8.928819e-06,4.844543e-05,2.2395834e-06,2.9663664e-05,0.0001346685,3.320271e-05,7.743388e-05,6.280914e-05,0.00010992227,0.00012437715,0.0017379269,3.7634054e-05,0.00023072133,0.00020035656,0.00011096869,0.00021237954,3.77878e-05,8.663514e-05,1.79962e-05,1.180143e-05
ask_depth_change_lag_1,2.4629777e-05,4.1943982e-05,6.3738057e-06,5.5458066e-05,6.670931e-05,3.7190704e-05,3.47179e-05,1.9502057e-05,0.000122048936,3.9384217e-05,7.716596e-05,7.354569e-05,4.0620507e-05,0.00011418942,0.00019310125,0.0002860019,8.785532e-05,6.384738e-05,5.1199997e-05,3.755079e-05,0.00011032335,0.00010212842,4.921115e-05,2.4110648e-05,3.622843e-05,0.00014659968,7.3524265e-05,6.105489e-05,1.4005851e-05,3.8709244e-05,8.633596e-05,3.0231125e-05,2.2618564e-05,0.0003531652,0.00025182957,0.0001353232,5.790757e-05,8.693023e-06,0.00028546408,0.0005590344,0.000193938,2.202742e-05,0.00010670884,2.2257636e-05,4.2831227e-05,5.232526e-05,3.09744e-05,0.00019010917,3.6552956e-05,6.1878105e-05,6.937385e-05,3.244703e-05,4.6178728e-05,1.7364542e-05,2.5083149e-05,1.8024115e-05,4.1842788e-05,4.817859e-05,2.982339e-05,0.00010173556,1.8539786e-05,0.00010199719,1.5215985e-05,3.6620986e-05,0.00012253206,3.248304e-05,0.00016089984,0.00013156596,0.00014973305,8.969594e-05,3.7634054e-05,0.003982754,0.00019397507,0.00018752963,0.0002224715,0.00016470427,7.650677e-05,8.7428845e-05,3.0959694e-05,2.03703e-05
volatility_120s,0.00019643188,0.00014333887,0.00015122014,0.00023632182,0.00043165844,0.00023038105,0.0002380657,0.00020531357,0.0006028554,0.00015085311,0.0004940078,0.00026485158,0.00021947388,0.00033211682,0.00067462196,0.00076977274,0.0007033553,0.00021122639,0.00012742566,0.00012354983,0.0005214577,0.00046355763,0.00023373119,0.00015582656,6.940051e-05,0.00041321068,0.00033830007,0.00013499973,0.00013484982,0.00013183888,0.00010315527,0.00023290176,0.00016800223,0.00159635,0.0005797782,0.00035780578,0.00014585508,6.292171e-05,0.0011368229,0.001115497,0.0005764432,0.00012665578,0.0006102572,0.00021047035,0.00012611887,0.000105122905,0.00016919027,0.0019410565,0.0002080515,0.00033781116,0.00029342607,0.00016182956,0.00011623071,0.000121831414,0.00013722043,9.184429e-05,8.4431646e-05,0.00010443772,6.0210165e-05,0.00029786304,7.4880794e-05,0.001061957,0.00012688604,0.00016495846,0.0004130668,0.00013913354,0.00023037,0.00030135186,0.00032488976,0.00025134298,0.00023072133,0.00019397507,0.038323797,0.0038768365,0.0014068125,0.0027702525,0.00030380252,0.0023251246,6.6933935e-05,6.199479e-05
volatility_300s,0.00012289252,9.712795e-05,0.00014783052,0.00019275847,0.0002442476,0.00019277241,0.0002995207,0.00027554415,0.00039140205,0.00019161204,0.00044610965,0.00022784997,0.00022696258,0.0003445954,0.0005960042,0.0005266226,0.00027113935,0.00025124574,0.00012713968,0.00018862814,0.0003124121,0.00029904293,0.0002385602,8.020743e-05,0.0001412967,0.00025217334,0.00018515269,7.8325276e-05,9.000786e-05,7.893165e-05,0.000118252625,0.0001181354,7.629415e-05,0.0020881474,0.000449832,0.00039296984,0.00012747647,5.568204e-05,0.0017115057,0.001012755,0.00034507253,0.00023040181,0.0007480303,0.00022579066,0.00036783644,0.00017364768,0.00019589245,0.0010646761,0.00033096745,0.002205192,0.00017695161,0.00020397102,0.0001363058,0.00016609413,0.00031533348,0.00012223261,0.00010427446,9.3632014e-05,7.1399154e-05,0.0007355354,4.9760267e-05,0.00063445995,7.572021e-05,0.00015698791,0.00042658765,7.175813e-05,0.0001349544,0.00020643735,0.00032103958,0.00035403704,0.00020035656,0.00018752963,0.0038768365,0.044019964,0.0017070489,0.002512004,0.00024489907,0.0009486636,6.909636e-05,7.739781e-05
volatility_600s,0.00010866756,9.5201176e-05,8.7129505e-05,0.00019211759,0.00012756464,0.00017363066,0.00019984387,0.00017117444,0.00034072003,0.00021642816,0.00040436108,0.00016245373,0.0001417993,0.00023218628,0.00047396022,0.00047444116,0.00027035776,0.00023239998,0.00010595095,0.0001418643,0.00035388826,0.00027122983,0.000183574,7.120133e-05,7.946983e-05,0.0002816815,0.0003658919,9.953386e-05,6.5137676e-05,9.025219e-05,0.00014648563,8.893293e-05,3.1435764e-05,0.001145711,0.0005907515,0.00028697253,9.868294e-05,2.70394e-05,0.0013780124,0.0010572225,0.00033942444,9.596489e-05,0.00042848912,0.00016095958,0.0001549303,9.052711e-05,0.0002142035,0.0014052122,0.00016868905,0.0009320657,0.0001992197,0.00015493347,0.00010673845,0.00010949646,0.0003505398,7.446991e-05,6.0922295e-05,0.000121868376,4.4797787e-05,0.00054540543,6.752869e-05,0.0004440512,6.474698e-05,9.9924175e-05,0.0003967645,4.1826075e-05,0.00014390229,0.00014554532,0.00018957147,0.0003263066,0.00011096869,0.0002224715,0.0014068125,0.0017070489,0.018242734,0.00073717727,0.0002694993,0.00068390486,6.15328e-05,3.814723e-05
volatility_1200s,0.0002236501,8.396013e-05,0.00011351697,0.00018925992,0.0006311913,0.00026436985,0.00017913381,0.00021125587,0.0006818528,0.00023408695,0.00066100847,0.00030013145,0.00021797145,0.00032924308,0.0006993326,0.00055192393,0.00023622513,0.00034989402,8.305035e-05,0.00028641964,0.0006816076,0.00047838892,0.00020099436,0.0001248843,0.00010764395,0.00053210324,0.0001971188,0.00011529148,0.00010659553,0.000115951865,0.00016442801,0.00012676003,0.00022089531,0.0011745344,0.000551091,0.0002073421,0.00016344518,2.1223865e-05,0.0012244866,0.0010837142,0.000350841,0.00016844561,0.0008479455,0.0002936864,0.00022397403,0.00017366461,0.00029031854,0.0011151986,0.00026539553,0.0003059029,0.00020253916,0.00014517496,0.00017867141,0.00021099138,0.00023236692,0.00014322693,0.00015141937,0.00013565364,7.4937576e-05,0.0008678687,0.00011963868,0.00038900963,8.3713225e-05,0.00014154962,0.00029171872,4.275525e-05,0.00021751893,0.00027557372,0.00023528343,0.00025891606,0.00021237954,0.00016470427,0.0027702525,0.002512004,0.00073717727,0.022592025,0.00046493142,0.00070265203,8.149135e-05,0.00013873722
hour_sin,5.693855e-05,9.48224e-06,8.6767366e-05,7.565409e-05,0.00011333276,5.5821467e-05,8.451164e-05,5.8094043e-05,0.00016095319,9.55091e-05,0.0003008745,5.7036083e-05,7.8583565e-05,0.00021152078,0.00026613235,0.00010264472,0.00012663331,3.2311083e-05,2.9980034e-05,5.58697e-05,0.00012196976,0.0001215708,6.0340135e-05,4.71813e-05,4.972301e-05,0.00017360259,0.00020394142,3.4938188e-05,4.2741864e-05,3.2862652e-05,0.00014002442,4.601741e-05,2.0232106e-05,0.00028285492,0.00022437336,0.0001375888,3.2842017e-05,0.0,0.00024406206,0.00041238195,0.0001314183,3.9260314e-05,0.00020365797,5.9293212e-05,4.405974e-05,2.823541e-05,3.3899105e-05,0.00025413986,5.3055133e-05,9.6745134e-05,3.6016296e-05,9.676541e-05,3.9664603e-05,6.246902e-05,2.7032358e-05,2.4986955e-05,2.6368061e-05,2.1583106e-05,2.712966e-05,0.00013019741,2.9125773e-05,0.00014314824,4.506941e-05,2.1271178e-05,0.00018817454,2.1462649e-05,6.572913e-05,0.00013093415,0.00012807047,0.00012900945,3.77878e-05,7.650677e-05,0.00030380252,0.00024489907,0.0002694993,0.00046493142,0.0047473167,0.0002543008,3.748425e-05,2.179742e-05
hour_cos,0.00019856193,9.510489e-05,0.00015084563,0.00018681842,0.0001582957,6.574351e-05,0.00017079683,7.3394905e-05,0.00037102823,0.00011446028,0.0008777965,0.0001074778,0.00018711067,0.00010912193,0.00040190367,0.00042581264,0.00028564793,0.00010475386,7.0477865e-05,8.475315e-05,0.0005269864,0.00033081113,0.00012942374,0.00013559981,0.00010897306,0.0007310455,0.00035273444,9.495145e-05,6.992803e-05,0.00010716318,9.130797e-05,0.00012620549,0.00014136013,0.0011421537,0.00044391246,0.000178543,0.00010639643,2.979366e-05,0.0013076656,0.0005588613,0.000230573,0.00015621775,0.0003765445,0.00020023918,0.00015405113,8.566544e-05,0.00011208841,0.000547003,8.291359e-05,0.0004265603,0.00012555839,0.00011392167,9.191472e-05,0.00016909675,7.973641e-05,4.8954866e-05,7.740581e-05,4.7972004e-05,3.8542898e-05,0.00017694676,5.826863e-05,0.0003232041,5.6705187e-05,9.521078e-05,0.00030773575,6.846047e-05,0.000393153,0.0002114973,0.00018570943,0.00018089911,8.663514e-05,8.7428845e-05,0.0023251246,0.0009486636,0.00068390486,0.00070265203,0.0002543008,0.014517328,1.9858699e-05,9.020669e-05
dow_sin,2.67057e-06,4.8967477e-06,8.8034485e-06,1.7622351e-05,6.446266e-06,1.67188e-05,2.3395662e-05,8.293542e-06,6.196791e-05,7.5229773e-06,8.042815e-05,2.788522e-07,3.344116e-06,1.895331e-05,5.039077e-05,0.00010460522,2.811521e-05,1.7485847e-05,5.0150615e-05,8.460348e-06,2.0772675e-05,1.3268131e-05,2.874468e-05,1.2446417e-05,1.6505035e-05,7.787019e-05,4.2054195e-05,3.19018e-05,2.8579878e-05,9.154866e-06,1.9470495e-05,0.0,3.042021e-06,0.00011678372,0.00010273921,4.394452e-05,8.702571e-06,0.0,6.013815e-05,0.00011689159,3.6441757e-05,3.9791627e-07,1.7648954e-05,7.016839e-06,9.485939e-06,8.700344e-06,8.000183e-06,2.7623164e-05,1.783625e-05,6.34465e-06,1.225644e-05,1.0633587e-05,1.5141244e-06,1.9197554e-05,2.7113389e-05,2.42171e-06,3.371983e-05,2.6076486e-06,4.5833126e-06,1.0087457e-05,1.9922725e-06,2.9357712e-05,3.1457307e-06,1.8761291e-05,2.416286e-05,4.5457496e-06,9.085812e-05,8.355409e-05,0.0001183543,3.171538e-05,1.79962e-05,3.0959694e-05,6.6933935e-05,6.909636e-05,6.15328e-05,8.149135e-05,3.748425e-05,1.9858699e-05,0.0010514158,0.0
dow_cos,7.451865e-07,8.280626e-06,8.446061e-07,1.0735834e-05,6.278965e-05,1.4578804e-06,6.786658e-06,6.8668064e-06,4.2286163e-05,7.329321e-07,0.00011532096,0.0,9.988085e-06,1.1709345e-05,7.304152e-05,6.182016e-05,3.0116904e-05,1.0971897e-05,1.1929808e-05,1.3699457e-06,2.7233518e-05,2.900309e-05,2.0809153e-05,4.946013e-06,9.3108465e-06,1.8433606e-05,7.473526e-06,9.528869e-06,1.0103189e-06,2.5904847e-06,6.987414e-06,2.1334745e-05,2.1871188e-05,0.00018455784,8.286792e-05,4.8173333e-05,1.43898615e-05,0.0,5.4704135e-05,0.00014183013,4.971714e-05,1.7879145e-05,3.2530148e-05,2.9166044e-05,6.778385e-06,1.9641751e-05,0.0,4.6555568e-05,8.418382e-06,1.9905816e-05,5.550812e-05,1.9009819e-06,2.0362877e-05,2.1994405e-05,1.1203373e-05,3.5485414e-06,9.960941e-06,1.4211911e-05,4.195142e-06,3.4187728e-05,0.0,2.8711444e-05,5.6305694e-06,1.1107241e-05,6.343017e-05,3.5272697e-05,1.7811555e-05,7.5512808e-06,2.0218984e-05,9.090645e-06,1.180143e-05,2.03703e-05,6.199479e-05,7.739781e-05,3.814723e-05,0.00013873722,2.179742e-05,9.020669e-05,0.0,0.00072523847
